Dato,Åben,Højeste,Laveste,Slutkurs,Antal
04/03/2015,57.26,57.3,57.16,57.18,6645
05/03/2015,57.12,57.2,57.12,57.2,288
06/03/2015,57.21,57.22,57.07,57.21,11997
09/03/2015,57.24,57.3,57.24,57.3,5200
10/03/2015,57.19,57.41,57.19,57.4,14581
11/03/2015,57.32,57.39,57.32,57.39,502
12/03/2015,57.34,57.43,57.27,57.32,5332
13/03/2015,57.24,57.24,57.21,57.21,6183
16/03/2015,57.16,57.19,57.12,57.17,7756
17/03/2015,57.12,57.12,57.03,57.03,900
18/03/2015,56.85,57.18,56.85,57.17,4199
19/03/2015,57.11,57.12,57.08,57.12,3816
20/03/2015,57.17,57.18,57.16,57.16,3000
23/03/2015,57.12,57.21,57.06,57.11,8006
24/03/2015,57.02,57.02,57.02,57.02,344
25/03/2015,57.04,57.04,57.04,57.04,
26/03/2015,57.09,57.09,57,57.07,680
27/03/2015,57.1,57.1,57.1,57.1,
30/03/2015,57.06,57.2,57.06,57.11,1087
31/03/2015,57.18,57.18,57.18,57.18,
01/04/2015,57.14,57.26,57.14,57.22,5883
02/04/2015,57.3,57.3,57.18,57.25,6093
07/04/2015,57.19,57.28,57.19,57.24,2417
08/04/2015,57.06,57.32,57.06,57.32,240
09/04/2015,57.29,57.33,57.29,57.33,1204
10/04/2015,57.3,57.37,57.3,57.37,16320
13/04/2015,57.32,57.35,57.32,57.34,3110
14/04/2015,57.36,57.38,57.36,57.38,547
15/04/2015,57.45,57.45,57.37,57.41,239
16/04/2015,57.39,57.43,57.38,57.38,7025
17/04/2015,57.38,57.38,57.31,57.34,9106
20/04/2015,57.31,57.37,57.29,57.33,6046
21/04/2015,57.37,57.37,57.29,57.29,5117
22/04/2015,57.25,57.32,57.17,57.17,3592
23/04/2015,57.2,57.2,57.2,57.2,
24/04/2015,57.16,57.27,57.16,57.22,558
27/04/2015,57.26,57.26,57.26,57.26,3409
28/04/2015,57.27,57.31,57.26,57.27,10022
29/04/2015,57.28,57.28,57.01,57.01,2493
30/04/2015,57.05,57.05,56.88,56.88,3155
04/05/2015,56.74,56.86,56.74,56.79,1152
05/05/2015,56.88,56.88,56.78,56.8,45501
06/05/2015,56.56,56.62,56.54,56.54,5211
07/05/2015,56.48,56.48,56.48,56.48,
08/05/2015,56.43,56.53,56.43,56.53,2694
11/05/2015,56.59,56.6,56.56,56.56,5962
12/05/2015,56.31,56.42,56.31,56.42,440
13/05/2015,56.49,56.53,56.41,56.41,7965
14/05/2015,56.34,56.34,56.34,56.34,
15/05/2015,56.45,56.52,56.37,56.52,64
18/05/2015,56.49,56.49,56.41,56.47,7741
19/05/2015,56.57,56.57,56.55,56.55,87
20/05/2015,56.55,56.55,56.5,56.53,483
21/05/2015,56.49,56.49,56.49,56.49,
22/05/2015,56.5,56.52,56.5,56.52,3550
26/05/2015,56.69,56.69,56.56,56.59,1337
27/05/2015,56.53,56.67,56.51,56.58,4886
28/05/2015,56.54,56.55,56.54,56.55,31
29/05/2015,56.65,56.65,56.55,56.62,5082
01/06/2015,56.58,56.58,56.54,56.54,27
02/06/2015,56.41,56.41,56.25,56.25,542
03/06/2015,56.18,56.18,55.94,55.94,3867
04/06/2015,55.86,55.91,55.86,55.91,2293
05/06/2015,55.81,55.88,55.81,55.88,87
08/06/2015,55.76,55.83,55.75,55.77,3179
09/06/2015,55.68,55.77,55.59,55.59,3281
10/06/2015,55.56,55.56,55.48,55.48,139
11/06/2015,55.5,55.59,55.5,55.59,59
12/06/2015,55.64,55.64,55.64,55.64,206
15/06/2015,55.54,55.75,55.54,55.67,3289
16/06/2015,55.71,55.71,55.56,55.56,2600
17/06/2015,55.56,55.66,55.55,55.55,6603
18/06/2015,55.54,55.54,55.45,55.45,2035
19/06/2015,55.5,55.5,55.48,55.48,196
22/06/2015,55.39,55.39,55.39,55.39,1262
23/06/2015,55.43,55.5,55.39,55.5,788
24/06/2015,55.58,55.58,55.53,55.53,306
25/06/2015,55.48,55.5,55.48,55.5,63
26/06/2015,55.48,55.48,55.38,55.38,5664
29/06/2015,55.53,55.53,55.41,55.41,1432
30/06/2015,55.46,55.46,55.46,55.46,
01/07/2015,55.43,55.43,55.36,55.42,250
02/07/2015,55.46,55.49,55.33,55.49,9454
03/07/2015,55.58,55.58,55.58,55.58,
06/07/2015,55.49,55.49,55.49,55.49,
07/07/2015,55.61,55.61,55.61,55.61,1802
08/07/2015,55.52,55.6,55.49,55.49,1988
09/07/2015,55.54,55.54,55.44,55.44,11510
10/07/2015,55.19,55.29,55.19,55.29,26
13/07/2015,55.5,55.5,55.5,55.5,
14/07/2015,55.41,55.52,55.41,55.52,1128
15/07/2015,55.57,55.68,55.57,55.68,196
16/07/2015,55.7,55.74,55.63,55.74,1211
17/07/2015,55.91,55.91,55.91,55.91,
20/07/2015,55.68,55.99,55.68,55.99,1896
21/07/2015,55.98,56.02,55.98,56.02,240
22/07/2015,55.94,56.03,55.94,56.03,22
23/07/2015,55.98,56.04,55.98,56.04,72
24/07/2015,56.09,56.09,56.09,56.09,
27/07/2015,56.05,56.08,56.05,56.08,111
28/07/2015,55.98,56.07,55.98,56.07,1171
29/07/2015,56.07,56.07,56.05,56.05,625
30/07/2015,56.19,56.23,56.19,56.19,4239
31/07/2015,55.77,55.77,55.77,55.77,
03/08/2015,55.84,55.84,55.84,55.84,
04/08/2015,55.84,55.84,55.84,55.84,
05/08/2015,55.75,55.75,55.67,55.67,12
06/08/2015,55.75,55.77,55.74,55.77,10244
07/08/2015,55.85,55.85,55.85,55.85,
10/08/2015,55.85,55.85,55.8,55.8,300
11/08/2015,55.86,55.94,55.86,55.92,11137
12/08/2015,55.91,55.91,55.91,55.91,125
13/08/2015,55.81,55.86,55.81,55.83,3569
14/08/2015,55.86,55.86,55.79,55.79,813
17/08/2015,55.81,55.87,55.81,55.83,404
18/08/2015,55.7,55.77,55.7,55.77,10250
19/08/2015,55.79,55.79,55.79,55.79,
20/08/2015,55.83,55.83,55.83,55.83,
21/08/2015,55.82,55.82,55.74,55.81,330
24/08/2015,55.72,55.72,55.62,55.62,235
25/08/2015,55.43,55.43,55.24,55.24,4294
26/08/2015,55.38,55.41,55.38,55.41,1
27/08/2015,55.34,55.43,55.32,55.43,4123
28/08/2015,55.48,55.48,55.29,55.39,3898
31/08/2015,55.34,55.35,55.34,55.35,910
01/09/2015,55.26,55.26,55.1,55.26,3071
02/09/2015,55.22,55.25,55.21,55.25,679
03/09/2015,55.23,55.47,55.23,55.36,2429
04/09/2015,55.37,55.39,55.37,55.39,715
07/09/2015,55.42,55.42,55.4,55.4,42
08/09/2015,55.39,55.39,55.39,55.39,
09/09/2015,55.44,55.45,55.44,55.45,1905
10/09/2015,55.41,55.41,55.38,55.38,20
11/09/2015,55.42,55.42,55.4,55.4,270
14/09/2015,55.4,55.4,55.34,55.34,222
15/09/2015,55.32,55.32,55.08,55.08,1841
16/09/2015,55.13,55.13,55.1,55.1,1047
17/09/2015,55.12,55.12,55.07,55.07,1586
21/09/2015,55.29,55.29,55.22,55.22,60
22/09/2015,55.29,55.29,55.25,55.25,13
23/09/2015,55.23,55.23,55.23,55.23,
24/09/2015,55.15,55.16,55.15,55.16,70
25/09/2015,55.03,55.03,55.03,55.03,
28/09/2015,54.98,54.98,54.9,54.95,768
29/09/2015,54.86,54.86,54.68,54.69,900
30/09/2015,54.71,54.84,54.71,54.84,1160
01/10/2015,54.84,54.84,54.84,54.84,7755
02/10/2015,54.88,54.88,54.88,54.88,1823
05/10/2015,54.9,54.9,54.9,54.9,
06/10/2015,54.87,54.94,54.87,54.94,555
07/10/2015,55.11,55.11,55.11,55.11,
08/10/2015,55.17,55.29,55.15,55.15,14291
09/10/2015,55.17,55.23,55.17,55.21,1670
12/10/2015,55.37,55.37,55.37,55.37,3626
13/10/2015,55.29,55.3,55.29,55.29,573
14/10/2015,55.38,55.45,55.38,55.41,11000
15/10/2015,55.44,55.44,55.31,55.31,536
16/10/2015,55.34,55.39,55.34,55.39,2040
19/10/2015,55.33,55.36,55.3,55.36,2063
20/10/2015,55.24,55.24,55.24,55.24,
21/10/2015,55.36,55.38,55.32,55.32,2736
22/10/2015,55.4,55.54,55.31,55.54,281
23/10/2015,55.52,55.64,55.51,55.64,3692
26/10/2015,55.65,55.7,55.65,55.7,252
27/10/2015,55.68,55.83,55.68,55.83,145
28/10/2015,55.86,55.87,55.78,55.83,2520
29/10/2015,55.66,55.66,55.66,55.66,
30/10/2015,55.7,55.7,55.7,55.7,
02/11/2015,55.6,55.66,55.6,55.66,1189
03/11/2015,55.62,55.68,55.61,55.68,73
04/11/2015,55.66,55.71,55.64,55.71,7550
05/11/2015,55.65,55.75,55.65,55.66,439
06/11/2015,55.51,55.51,55.51,55.51,
09/11/2015,55.44,55.6,55.44,55.6,947
10/11/2015,55.62,55.69,55.62,55.69,108
11/11/2015,55.72,55.72,55.72,55.72,2698
12/11/2015,55.71,55.71,55.71,55.71,
13/11/2015,55.76,55.76,55.76,55.76,
16/11/2015,55.82,55.83,55.8,55.83,1401
17/11/2015,55.93,55.93,55.93,55.93,689
18/11/2015,55.94,55.95,55.92,55.92,286
19/11/2015,56.04,56.04,56.02,56.02,1183
20/11/2015,56.06,56.1,56.05,56.05,3867
23/11/2015,55.92,55.96,55.92,55.96,163
24/11/2015,55.97,56.07,55.97,56.01,1258
25/11/2015,56.05,56.11,55.97,56.11,1364
26/11/2015,56.15,56.15,56.13,56.13,1011
27/11/2015,56.08,56.2,56.08,56.16,167
30/11/2015,56.07,56.13,56.07,56.13,9
01/12/2015,56.17,56.17,56.17,56.17,62
02/12/2015,56.2,56.2,56.09,56.19,1151
03/12/2015,56,56,55.72,55.72,3412
04/12/2015,55.73,55.74,55.68,55.68,2270
07/12/2015,55.74,55.86,55.74,55.86,2116
08/12/2015,55.85,55.85,55.85,55.85,2690
09/12/2015,55.81,55.81,55.74,55.74,5592
10/12/2015,55.81,55.81,55.81,55.81,
11/12/2015,55.78,55.82,55.78,55.82,12
14/12/2015,55.73,55.76,55.61,55.7,806
15/12/2015,55.67,55.67,55.54,55.54,2180
16/12/2015,55.53,55.54,55.53,55.54,47
17/12/2015,55.63,55.68,55.63,55.68,183
18/12/2015,55.69,55.8,55.69,55.74,40637
21/12/2015,55.72,55.75,55.67,55.67,193
22/12/2015,55.62,55.73,55.62,55.67,4917
23/12/2015,55.68,55.68,55.66,55.66,13140
28/12/2015,55.6,55.73,55.6,55.73,2044
29/12/2015,55.66,55.66,55.62,55.63,524
30/12/2015,55.65,55.65,55.65,55.65,
04/01/2016,55.71,55.74,55.7,55.74,137
05/01/2016,55.73,55.81,55.73,55.76,4975
06/01/2016,55.88,55.89,55.78,55.83,661
07/01/2016,55.73,55.73,55.69,55.69,1220
08/01/2016,55.65,55.74,55.65,55.74,366
11/01/2016,55.6,55.6,55.6,55.6,4836
12/01/2016,55.57,55.6,55.5,55.6,380
13/01/2016,55.52,55.62,55.52,55.61,3248
14/01/2016,55.54,55.6,55.44,55.44,6651
15/01/2016,55.54,55.54,55.43,55.43,114
18/01/2016,55.31,55.31,55.28,55.28,1905
19/01/2016,55.15,55.29,55.14,55.28,2936
20/01/2016,55.17,55.28,55.14,55.28,405
21/01/2016,55.27,55.36,55.13,55.36,9323
22/01/2016,55.4,55.52,55.4,55.52,44
25/01/2016,55.49,55.52,55.49,55.52,785
26/01/2016,55.57,55.57,55.57,55.57,
27/01/2016,55.56,55.62,55.56,55.61,912
28/01/2016,55.67,55.79,55.67,55.79,2445
29/01/2016,55.93,55.95,55.93,55.94,2370
01/02/2016,55.47,55.47,55.36,55.42,743
02/02/2016,55.62,55.62,55.5,55.52,7036
03/02/2016,55.49,55.55,55.49,55.55,45
04/02/2016,55.43,55.43,55.35,55.35,1148
05/02/2016,55.37,55.37,55.37,55.37,
08/02/2016,55.4,55.4,55.4,55.4,2530
09/02/2016,55.19,55.29,55.19,55.25,719
10/02/2016,55.36,55.36,55.18,55.22,1807
11/02/2016,55.33,55.33,55.19,55.19,3534
12/02/2016,55.16,55.17,55.12,55.12,942
15/02/2016,55.19,55.21,55.19,55.21,980
16/02/2016,55.28,55.28,55.22,55.22,6169
17/02/2016,55.27,55.27,55.27,55.27,
18/02/2016,55.32,55.45,55.32,55.45,27
19/02/2016,55.44,55.49,55.44,55.49,270
22/02/2016,55.5,55.57,55.5,55.56,3538
23/02/2016,55.49,55.59,55.42,55.55,1532
24/02/2016,55.57,55.59,55.57,55.59,244
25/02/2016,55.6,55.64,55.59,55.64,322
26/02/2016,55.68,55.68,55.68,55.68,
29/02/2016,55.8,55.8,55.8,55.8,539
01/03/2016,55.78,55.83,55.73,55.83,8296
02/03/2016,55.71,55.8,55.71,55.8,143
03/03/2016,55.96,55.96,55.96,55.96,91
04/03/2016,55.92,55.92,55.92,55.92,2150
07/03/2016,56,56.01,55.92,55.95,1996
08/03/2016,56.08,56.08,56.02,56.02,500
09/03/2016,55.9,55.93,55.88,55.88,468
10/03/2016,55.96,55.96,55.9,55.9,9
11/03/2016,56.42,56.92,56.42,56.92,75
14/03/2016,56.82,56.82,56.58,56.7,3306
15/03/2016,56.38,56.54,56.29,56.29,3115
16/03/2016,56.28,56.28,56.2,56.21,582
17/03/2016,56.32,56.32,56.3,56.3,1
18/03/2016,56.38,56.38,56.32,56.32,623
21/03/2016,56.3,56.3,56.3,56.3,
22/03/2016,56.42,56.42,56.26,56.36,5007
23/03/2016,56.46,56.48,56.32,56.48,4260
24/03/2016,56.47,56.47,56.47,56.47,2661
29/03/2016,56.52,56.63,56.52,56.6,4354
30/03/2016,56.53,56.61,56.53,56.61,3453
31/03/2016,56.67,56.67,56.61,56.66,14535
01/04/2016,56.63,56.67,56.61,56.66,5428
04/04/2016,56.67,56.73,56.67,56.73,1694
05/04/2016,56.86,56.86,56.76,56.76,1843
06/04/2016,56.85,56.85,56.74,56.81,803
07/04/2016,56.76,56.83,56.76,56.83,713
08/04/2016,56.78,56.85,56.78,56.85,590
11/04/2016,56.91,56.91,56.76,56.76,163
12/04/2016,56.63,56.74,56.63,56.74,55101
13/04/2016,56.73,56.73,56.73,56.73,147110
14/04/2016,56.66,56.7,56.66,56.67,1037
15/04/2016,56.78,56.85,56.75,56.75,4001
18/04/2016,56.7,56.77,56.7,56.7,10056
19/04/2016,56.65,56.67,56.64,56.64,1526
20/04/2016,56.81,56.81,56.76,56.76,2837
21/04/2016,56.61,56.68,56.57,56.68,2259
22/04/2016,56.68,56.8,56.68,56.8,1055
25/04/2016,56.8,56.8,56.75,56.75,868
26/04/2016,56.71,56.8,56.65,56.68,25704
27/04/2016,56.62,56.69,56.62,56.69,700
28/04/2016,56.69,56.79,56.69,56.75,1222
29/04/2016,56.77,56.93,56.73,56.73,12280
02/05/2016,56.79,56.79,56.69,56.76,2465
03/05/2016,56.89,56.92,56.78,56.84,1525
04/05/2016,56.74,56.83,56.73,56.79,626
05/05/2016,56.74,56.87,56.74,56.87,15
06/05/2016,56.9,56.97,56.9,56.97,6396
09/05/2016,56.93,56.95,56.83,56.85,16796
10/05/2016,56.83,56.83,56.82,56.82,456
11/05/2016,56.85,56.85,56.85,56.85,
12/05/2016,56.74,56.74,56.74,56.74,
13/05/2016,56.73,56.79,56.7,56.79,5271
17/05/2016,56.69,56.76,56.66,56.76,804
18/05/2016,56.68,56.69,56.68,56.69,12882
19/05/2016,56.56,56.63,56.56,56.63,89
20/05/2016,56.58,56.63,56.58,56.63,1857
23/05/2016,56.72,56.72,56.63,56.63,9343
24/05/2016,56.57,56.61,56.57,56.61,856
25/05/2016,56.58,56.7,56.58,56.7,137
26/05/2016,56.74,56.75,56.7,56.74,7125
27/05/2016,56.82,56.82,56.71,56.76,2961
30/05/2016,56.7,56.75,56.7,56.75,896
31/05/2016,56.79,56.79,56.77,56.77,500
01/06/2016,56.8,56.9,56.8,56.87,207
02/06/2016,56.89,56.9,56.86,56.9,2875
03/06/2016,57.03,57.03,57.01,57.01,1111
06/06/2016,57.07,57.07,57.03,57.03,6
07/06/2016,57.12,57.12,57.12,57.12,
08/06/2016,57.05,57.14,57.05,57.14,1636
09/06/2016,57.25,57.25,57.21,57.21,1125
10/06/2016,57.28,57.28,57.25,57.25,846
13/06/2016,57.25,57.25,57.16,57.16,485
14/06/2016,57.19,57.24,57.09,57.15,3071
15/06/2016,57.18,57.19,57.18,57.19,1
16/06/2016,57.21,57.21,57.11,57.11,7046
17/06/2016,57.14,57.14,57.14,57.14,
20/06/2016,57.11,57.11,57.06,57.1,1063
21/06/2016,57.17,57.17,57.16,57.16,24
22/06/2016,57.19,57.19,57.17,57.17,2880
23/06/2016,57.23,57.23,57.19,57.19,11911
24/06/2016,57.02,57.04,56.84,57.04,2196
27/06/2016,57.18,57.18,57.07,57.07,11657
28/06/2016,57.16,57.23,57.16,57.23,5257
29/06/2016,57.37,57.37,57.33,57.36,2730
30/06/2016,57.28,57.47,57.28,57.45,10120
01/07/2016,57.32,57.62,57.32,57.62,10757
04/07/2016,57.65,57.69,57.65,57.66,182
05/07/2016,57.69,57.76,57.69,57.76,2880
06/07/2016,57.74,57.85,57.63,57.81,118574
07/07/2016,57.69,57.83,57.69,57.75,8418
08/07/2016,57.83,57.83,57.83,57.83,3117
11/07/2016,57.87,57.94,57.87,57.94,150
12/07/2016,57.94,57.94,57.91,57.91,3834
13/07/2016,57.92,58.07,57.92,58.07,4574
14/07/2016,58.11,58.12,57.97,58.08,4520
15/07/2016,58.03,58.13,58.03,58.04,383
18/07/2016,58.18,58.19,58.13,58.13,1302
19/07/2016,58.2,58.2,58.14,58.14,2021
20/07/2016,58.24,58.24,58.14,58.17,2495
21/07/2016,58.2,58.2,58.2,58.2,10
22/07/2016,58.24,58.24,58.21,58.21,2699
25/07/2016,58.24,58.31,58.24,58.31,428
26/07/2016,58.36,58.36,58.25,58.28,42173
27/07/2016,58.35,58.39,58.33,58.39,7346
28/07/2016,58.33,58.41,58.33,58.41,3531
29/07/2016,58.3,58.41,58.3,58.41,533
01/08/2016,58.46,58.46,58.35,58.37,8420
02/08/2016,58.02,58.02,57.87,57.87,369
03/08/2016,57.93,57.93,57.83,57.89,9053
04/08/2016,58.04,58.05,58.04,58.05,2210
05/08/2016,58.09,58.11,58.04,58.04,1637
08/08/2016,58.07,58.09,58.01,58.09,1849
09/08/2016,58.15,58.18,58.07,58.16,6147
10/08/2016,58.24,58.29,58.19,58.19,6772
11/08/2016,58.28,58.28,58.11,58.21,2785
12/08/2016,58.13,58.28,58.13,58.23,2090
15/08/2016,58.13,58.13,58.13,58.13,
16/08/2016,58.22,58.22,58.07,58.07,4388
17/08/2016,58.14,58.14,58.13,58.13,1983
18/08/2016,58.22,58.23,58.1,58.23,6990
19/08/2016,58.14,58.14,58.09,58.09,1078
22/08/2016,58.08,58.19,58.08,58.19,681
23/08/2016,58.25,58.25,58.25,58.25,1721
24/08/2016,58.14,58.22,58.14,58.22,152
25/08/2016,58.17,58.17,58.17,58.17,
26/08/2016,58.23,58.23,58.23,58.23,180
29/08/2016,58.2,58.22,58.2,58.22,464
30/08/2016,58.26,58.3,58.18,58.24,3294
31/08/2016,58.22,58.3,58.17,58.22,8549
01/09/2016,58.24,58.24,58.22,58.22,100
02/09/2016,58.14,58.25,58.14,58.14,2643
05/09/2016,58.25,58.25,58.23,58.23,384
06/09/2016,58.32,58.38,58.32,58.38,56682
07/09/2016,58.38,58.41,58.31,58.36,1855
08/09/2016,58.28,58.28,58.17,58.17,6680
09/09/2016,58.12,58.13,58.02,58.02,7241
12/09/2016,57.96,57.96,57.84,57.85,1723
13/09/2016,57.94,57.94,57.9,57.9,397
14/09/2016,57.82,57.94,57.81,57.92,6560
15/09/2016,57.8,57.89,57.8,57.88,47
16/09/2016,57.88,57.94,57.88,57.94,4337
19/09/2016,57.95,57.95,57.84,57.88,4668
20/09/2016,57.94,57.98,57.87,57.93,18371
21/09/2016,57.85,57.97,57.85,57.86,6118
22/09/2016,57.94,58.1,57.94,58.1,5997
23/09/2016,58.05,58.12,58.05,58.06,3505
26/09/2016,58.04,58.17,58.04,58.12,7321
27/09/2016,58.25,58.25,58.16,58.16,3478
28/09/2016,58.24,58.24,58.2,58.2,4081
29/09/2016,58.19,58.19,58.1,58.1,721
30/09/2016,58.08,58.17,58.07,58.07,1754
04/10/2016,58.09,58.13,58.02,58.02,9601
05/10/2016,57.94,57.96,57.87,57.9,625
06/10/2016,57.95,58.03,57.87,57.87,2683
07/10/2016,57.9,57.94,57.84,57.88,2363
10/10/2016,57.83,57.83,57.82,57.82,1190
11/10/2016,57.79,57.91,57.77,57.9,44341
12/10/2016,57.89,57.89,57.76,57.78,2337
13/10/2016,57.86,57.88,57.82,57.82,552
14/10/2016,57.8,57.8,57.8,57.8,
17/10/2016,57.73,57.85,57.73,57.85,4013
18/10/2016,57.85,57.92,57.85,57.91,16777
19/10/2016,57.89,57.99,57.84,57.97,32369
20/10/2016,57.86,58.04,57.83,58.04,13113
21/10/2016,58,58.06,57.94,58.06,20366
24/10/2016,58.07,58.07,58.02,58.04,21407
25/10/2016,57.95,58.06,57.95,58.06,27635
26/10/2016,57.87,57.88,57.78,57.88,34519
27/10/2016,57.81,57.83,57.59,57.59,12956
28/10/2016,57.45,57.9,57.45,57.58,39576
31/10/2016,57.64,57.64,57.54,57.62,14050
01/11/2016,57.5,57.58,57.5,57.58,2346
02/11/2016,57.57,57.67,57.53,57.62,9292
03/11/2016,57.53,57.6,57.53,57.6,10601
04/11/2016,57.51,57.6,57.51,57.57,11655
07/11/2016,57.58,57.58,57.51,57.58,9546
08/11/2016,57.56,57.56,57.51,57.51,13239
09/11/2016,57.36,57.48,57.21,57.46,7810
10/11/2016,57.4,57.4,57.19,57.25,10057
11/11/2016,57.09,57.21,57.09,57.14,226
14/11/2016,56.98,56.99,56.7,56.95,13451
15/11/2016,57.1,57.12,56.99,57.12,8605
16/11/2016,57.05,57.05,56.91,57,6492
17/11/2016,57.03,57.03,56.91,56.95,1582
18/11/2016,56.71,56.8,56.65,56.78,3789
21/11/2016,56.7,56.77,56.68,56.68,5239
22/11/2016,56.77,57.06,56.77,57.04,10417
23/11/2016,57.14,57.14,56.87,56.97,6568
24/11/2016,56.95,57.01,56.9,56.92,9705
25/11/2016,56.97,57.05,56.96,57.05,3643
28/11/2016,57.17,57.17,57.17,57.17,1682
29/11/2016,57.1,57.12,56.99,56.99,5766
30/11/2016,57.13,57.13,56.99,56.99,7089
01/12/2016,56.97,56.97,56.8,56.85,8819
02/12/2016,56.77,56.87,56.77,56.87,5529
05/12/2016,56.7,56.74,56.63,56.74,7777
06/12/2016,56.68,56.75,56.63,56.7,12383
07/12/2016,56.67,56.84,56.67,56.79,11653
08/12/2016,56.77,56.85,56.52,56.85,17313
09/12/2016,56.88,57.02,56.88,56.91,71764
12/12/2016,56.83,56.88,56.72,56.85,13622
13/12/2016,56.82,56.98,56.82,56.98,5654
14/12/2016,57.06,57.1,56.95,57.09,8518
15/12/2016,56.89,56.98,56.83,56.98,11477
16/12/2016,57,57.07,56.95,57.07,15332
19/12/2016,57.07,57.21,57.03,57.21,8840
20/12/2016,57.24,57.24,57.12,57.14,4776
21/12/2016,57.14,57.24,57.12,57.24,11234
22/12/2016,57.25,57.25,57.1,57.16,968
23/12/2016,57.23,57.26,57.15,57.26,5229
27/12/2016,57.22,57.37,57.22,57.37,3292
28/12/2016,57.48,57.48,57.37,57.38,247
29/12/2016,57.38,57.57,57.38,57.44,5935
30/12/2016,57.34,57.34,57.34,57.34,
02/01/2017,57.43,57.43,57.34,57.39,2556
03/01/2017,57.3,57.36,57.19,57.28,5079
04/01/2017,57.22,57.32,57.22,57.29,5278
05/01/2017,57.33,57.36,57.17,57.22,48697
06/01/2017,57.18,57.19,57.18,57.19,2858
09/01/2017,57.19,57.25,57.17,57.21,4817
10/01/2017,57.1,57.18,57.1,57.18,2745
11/01/2017,57.11,57.22,57.11,57.22,3979
12/01/2017,57.16,57.24,57.16,57.24,325
13/01/2017,57.18,57.23,57.1,57.21,5775
16/01/2017,57.25,57.28,57.18,57.28,24683
17/01/2017,57.27,57.31,57.19,57.19,4882
18/01/2017,57.24,57.24,57.14,57.21,10888
19/01/2017,57.12,57.19,57.07,57.19,8959
20/01/2017,57.1,57.1,57.03,57.09,2837
23/01/2017,57.09,57.2,57.01,57.2,4451
24/01/2017,57.06,57.13,57.04,57.09,2951
25/01/2017,56.99,57.03,56.95,56.98,5125
26/01/2017,56.9,56.97,56.9,56.97,4199
27/01/2017,56.94,56.94,56.94,56.94,2397
30/01/2017,56.93,56.99,56.88,56.99,2524
31/01/2017,56.84,57.01,56.84,57.01,2437
01/02/2017,56.65,56.66,56.55,56.65,8477
02/02/2017,56.62,56.73,56.61,56.73,17548
03/02/2017,56.68,56.78,56.65,56.78,4374
06/02/2017,56.79,56.88,56.79,56.88,6363
07/02/2017,56.84,56.91,56.79,56.91,2889
08/02/2017,56.94,57.01,56.88,57.01,9984
09/02/2017,56.87,57,56.87,56.97,3186
10/02/2017,56.85,56.98,56.85,56.98,20621
13/02/2017,56.97,56.98,56.88,56.98,3849
14/02/2017,56.93,56.99,56.89,56.89,2742
15/02/2017,56.84,56.98,56.83,56.98,6990
16/02/2017,56.93,57.04,56.93,57.04,10879
17/02/2017,57.13,57.14,57.06,57.14,5767
20/02/2017,57.03,57.13,57.03,57.13,1054
21/02/2017,57.08,57.17,57.07,57.17,5085
22/02/2017,57.15,57.29,57.15,57.24,2899
23/02/2017,57.18,57.32,57.18,57.32,8333
24/02/2017,57.3,57.46,57.28,57.46,4981
27/02/2017,57.39,57.42,57.39,57.42,2132
28/02/2017,57.42,57.42,57.39,57.39,1171
01/03/2017,57.25,57.25,57.21,57.21,3300
02/03/2017,57.11,57.16,57.11,57.15,6693
03/03/2017,57.11,57.22,56.97,57.04,9575
06/03/2017,57.12,57.12,57.04,57.1,8805
07/03/2017,57.06,57.19,57.06,57.18,1901
08/03/2017,57.07,57.12,56.96,57.06,7863
09/03/2017,56.93,56.96,56.81,56.96,14895
10/03/2017,56.83,56.86,56.64,56.64,5101
13/03/2017,56.81,56.83,56.74,56.78,7514
14/03/2017,56.67,56.84,56.67,56.84,4859
15/03/2017,56.8,56.92,56.8,56.87,53675
16/03/2017,56.87,56.89,56.82,56.84,2687
17/03/2017,56.71,56.87,56.71,56.87,3115
20/03/2017,56.84,56.88,56.82,56.88,1603
21/03/2017,56.79,56.86,56.79,56.83,6133
22/03/2017,56.95,56.95,56.85,56.94,14749
23/03/2017,56.94,56.94,56.86,56.86,3280
24/03/2017,56.8,56.91,56.8,56.9,21025
27/03/2017,56.9,56.93,56.82,56.82,1519
28/03/2017,56.9,56.99,56.9,56.96,3501
29/03/2017,56.97,57.15,56.96,57.15,4605
30/03/2017,57.15,57.16,57.09,57.16,8130
31/03/2017,57.08,57.1,57.04,57.1,8125
03/04/2017,57.06,57.27,57.06,57.27,5195
04/04/2017,57.28,57.34,57.24,57.24,2385
05/04/2017,57.26,57.29,57.2,57.29,5936
06/04/2017,57.36,57.36,57.26,57.26,1738
07/04/2017,57.36,57.4,57.32,57.34,1907
10/04/2017,57.4,57.44,57.32,57.35,7305
11/04/2017,57.44,57.5,57.34,57.5,3044
12/04/2017,57.44,57.46,57.38,57.42,4681
13/04/2017,57.52,57.56,57.43,57.43,12988
18/04/2017,57.53,57.54,57.43,57.47,4169
19/04/2017,57.42,57.43,57.35,57.35,2074
20/04/2017,57.39,57.39,57.29,57.33,1672
21/04/2017,57.32,57.37,57.3,57.35,2503
24/04/2017,57.23,57.23,57.14,57.17,2034
25/04/2017,57.15,57.23,57.11,57.19,3942
26/04/2017,57.17,57.31,57.16,57.31,5013
27/04/2017,57.29,57.49,57.23,57.49,4355
28/04/2017,57.43,57.44,57.31,57.44,1466
02/05/2017,57.35,57.47,57.35,57.45,6278
03/05/2017,57.45,57.51,57.45,57.51,6940
04/05/2017,57.46,57.47,57.35,57.36,9133
05/05/2017,57.44,57.45,57.33,57.33,6103
08/05/2017,57.37,57.45,57.31,57.31,6938
09/05/2017,57.36,57.41,57.31,57.41,4080
10/05/2017,57.34,57.47,57.34,57.45,24521
11/05/2017,57.41,57.43,57.35,57.4,1250
12/05/2017,57.41,57.5,57.4,57.47,6250
15/05/2017,57.4,57.49,57.36,57.42,6561
16/05/2017,57.38,57.39,57.35,57.39,3249
17/05/2017,57.45,57.47,57.31,57.47,13173
18/05/2017,57.47,57.52,57.34,57.36,35458
19/05/2017,57.39,57.41,57.34,57.36,3015
22/05/2017,57.39,57.41,57.26,57.38,8502
23/05/2017,57.34,57.37,57.26,57.37,6478
24/05/2017,57.36,57.42,57.35,57.4,8695
25/05/2017,57.45,57.45,57.45,57.45,
26/05/2017,57.5,57.58,57.49,57.57,2648
29/05/2017,57.5,57.67,57.5,57.67,7772
30/05/2017,57.66,57.66,57.58,57.65,1607
31/05/2017,57.58,57.67,57.58,57.6,4909
01/06/2017,57.67,57.67,57.63,57.67,1381
02/06/2017,57.67,57.73,57.6,57.73,2583
06/06/2017,57.69,57.78,57.69,57.78,7385
07/06/2017,57.73,57.73,57.66,57.73,8053
08/06/2017,57.62,57.74,57.61,57.74,2314
09/06/2017,57.67,57.74,57.67,57.74,2301
12/06/2017,57.74,57.74,57.68,57.73,2529
13/06/2017,57.69,57.69,57.62,57.68,2963
14/06/2017,57.68,57.83,57.65,57.83,9055
15/06/2017,57.77,57.77,57.58,57.58,5360
16/06/2017,57.57,57.71,57.53,57.71,7529
19/06/2017,57.69,57.72,57.61,57.67,5883
20/06/2017,57.68,57.77,57.68,57.77,10099
21/06/2017,57.74,57.81,57.69,57.75,4483
22/06/2017,57.78,57.78,57.7,57.78,1608
23/06/2017,57.76,57.77,57.73,57.73,244
26/06/2017,57.79,57.82,57.72,57.8,5354
27/06/2017,57.81,57.81,57.55,57.55,3158
28/06/2017,57.44,57.68,57.44,57.5,13523
29/06/2017,57.42,57.42,57.35,57.39,2722
30/06/2017,57.27,57.39,57.27,57.27,1264
03/07/2017,57.41,57.43,57.3,57.37,6798
04/07/2017,57.41,57.44,57.36,57.43,2706
05/07/2017,57.43,57.48,57.34,57.48,16293
06/07/2017,57.41,57.41,57.21,57.21,39687
07/07/2017,57.19,57.31,57.19,57.29,334
10/07/2017,57.32,57.37,57.29,57.29,8631
11/07/2017,57.23,57.37,57.23,57.36,4570
12/07/2017,57.32,57.45,57.32,57.42,9089
13/07/2017,57.5,57.54,57.39,57.41,10271
14/07/2017,57.45,57.54,57.45,57.48,2087
17/07/2017,57.5,57.54,57.44,57.54,6356
18/07/2017,57.47,57.62,57.46,57.62,9675
19/07/2017,57.53,57.66,57.53,57.66,2082
20/07/2017,57.63,57.68,57.57,57.67,1873
21/07/2017,57.73,57.77,57.73,57.76,3483
24/07/2017,57.8,57.8,57.71,57.71,2903
25/07/2017,57.78,57.78,57.62,57.68,897
26/07/2017,57.63,57.7,57.59,57.66,8581
27/07/2017,57.74,57.81,57.72,57.81,5283
28/07/2017,57.71,57.75,57.64,57.75,3693
31/07/2017,57.72,57.74,57.67,57.71,4758
01/08/2017,57.31,57.49,57.31,57.48,10070
02/08/2017,57.5,57.53,57.49,57.53,15119
03/08/2017,57.57,57.57,57.57,57.57,1190
04/08/2017,57.55,57.59,57.54,57.54,500
07/08/2017,57.58,57.59,57.5,57.59,5008
08/08/2017,57.54,57.56,57.48,57.54,4515
09/08/2017,57.56,57.61,57.53,57.6,6932
10/08/2017,57.57,57.62,57.57,57.6,2619
11/08/2017,57.55,57.62,57.52,57.62,2626
14/08/2017,57.55,57.63,57.51,57.63,18592
15/08/2017,57.54,57.58,57.47,57.52,893
16/08/2017,57.52,57.59,57.46,57.59,3743
17/08/2017,57.6,57.6,57.55,57.6,45
18/08/2017,57.6,57.6,57.59,57.6,2695
21/08/2017,57.61,57.62,57.56,57.56,1260
22/08/2017,57.53,57.63,57.53,57.63,3449
23/08/2017,57.54,57.64,57.54,57.64,6759
24/08/2017,57.58,57.63,57.58,57.59,1481
25/08/2017,57.64,57.66,57.6,57.66,1283
28/08/2017,57.63,57.69,57.63,57.69,2599
29/08/2017,57.77,57.78,57.69,57.69,446
30/08/2017,57.63,57.69,57.63,57.63,2917
31/08/2017,57.68,57.69,57.65,57.69,1242
01/09/2017,57.55,57.65,57.53,57.65,2570
04/09/2017,57.63,57.66,57.56,57.66,4003
05/09/2017,57.64,57.73,57.56,57.69,7692
06/09/2017,57.75,57.75,57.58,57.58,1698
07/09/2017,57.54,57.78,57.54,57.72,726
08/09/2017,57.78,57.78,57.65,57.7,1300
11/09/2017,57.72,57.72,57.63,57.66,7766
12/09/2017,57.67,57.67,57.57,57.6,1515
13/09/2017,57.62,57.62,57.53,57.59,971
14/09/2017,57.58,57.58,57.47,57.51,1541
15/09/2017,57.53,57.58,57.45,57.45,833
18/09/2017,57.5,57.5,57.4,57.41,12311
19/09/2017,57.5,57.51,57.44,57.51,2371
20/09/2017,57.53,57.56,57.47,57.5,3976
21/09/2017,57.51,57.52,57.46,57.51,1457
22/09/2017,57.46,57.52,57.44,57.52,3633
25/09/2017,57.54,57.65,57.54,57.54,4014
26/09/2017,57.57,57.64,57.57,57.64,1837
27/09/2017,57.46,57.54,57.46,57.54,5441
28/09/2017,57.39,57.51,57.39,57.5,1969
29/09/2017,57.51,57.55,57.5,57.55,1838
02/10/2017,57.53,57.57,57.45,57.57,8196
04/10/2017,57.65,57.65,57.54,57.54,9711
05/10/2017,57.57,57.62,57.48,57.54,1463
06/10/2017,57.55,57.59,57.45,57.59,17106
09/10/2017,57.61,57.62,57.55,57.55,8257
10/10/2017,57.6,57.62,57.56,57.62,1918
11/10/2017,57.54,57.62,57.54,57.57,11315
12/10/2017,57.66,57.67,57.6,57.6,935
13/10/2017,57.64,57.79,57.64,57.79,2830
16/10/2017,57.73,57.88,57.7,57.87,3444
17/10/2017,57.9,57.9,57.83,57.84,1682
18/10/2017,57.81,57.88,57.79,57.88,12544
19/10/2017,57.84,57.85,57.79,57.85,458
20/10/2017,57.71,57.79,57.67,57.67,3782
23/10/2017,57.71,57.8,57.71,57.79,8702
24/10/2017,57.78,57.78,57.65,57.74,11271
25/10/2017,57.72,57.72,57.65,57.65,16610
26/10/2017,57.66,57.85,57.66,57.85,1595
27/10/2017,57.97,58.05,57.92,58.05,4731
30/10/2017,58.06,58.14,58.01,58.08,11491
01/11/2017,58.18,58.22,58.16,58.2,6724
02/11/2017,58.21,58.24,58.14,58.24,9194
03/11/2017,58.19,58.27,58.19,58.27,2373
06/11/2017,58.3,58.32,58.25,58.25,4919
07/11/2017,58.31,58.33,58.27,58.33,6032
08/11/2017,58.32,58.33,58.26,58.3,17842
09/11/2017,58.18,58.23,58.09,58.09,1449
10/11/2017,58.02,58.03,57.91,57.92,3776
13/11/2017,58.02,58.03,57.96,57.97,10551
14/11/2017,57.9,57.95,57.87,57.95,15818
15/11/2017,57.92,57.96,57.89,57.89,13359
16/11/2017,58.06,58.06,57.95,58,5907
17/11/2017,58.02,58.03,57.95,58.03,12410
20/11/2017,58.04,58.04,57.97,58,3178
21/11/2017,58,58.1,58,58.09,4828
22/11/2017,58.01,58.07,57.99,58.07,18369
23/11/2017,57.99,58.07,57.97,57.97,997
24/11/2017,58,58.07,57.98,58.07,4430
27/11/2017,58.07,58.14,58.02,58.14,7749
28/11/2017,58.11,58.11,58.1,58.1,1632
29/11/2017,58.01,58.08,58.01,58.06,14523
30/11/2017,58.02,58.09,58.01,58.05,7181
01/12/2017,58.11,58.13,58.01,58.01,139972
04/12/2017,58.17,58.18,58.07,58.15,45096
05/12/2017,58.01,58.16,58.01,58.16,9216
06/12/2017,58.18,58.28,58.18,58.28,12725
07/12/2017,58.24,58.24,58.14,58.14,5554
08/12/2017,58.16,58.21,58.16,58.21,1331
11/12/2017,58.15,58.25,58.15,58.22,11462
12/12/2017,58.16,58.21,58.16,58.21,3964
13/12/2017,58.21,58.22,58.09,58.19,62841
14/12/2017,58.23,58.23,58.08,58.15,6927
15/12/2017,58.22,58.22,58.15,58.19,2043
18/12/2017,58.19,58.19,58.04,58.18,21729
19/12/2017,58.07,58.11,57.96,58.02,14172
20/12/2017,57.91,58,57.91,57.98,14990
21/12/2017,57.92,57.93,57.83,57.91,5974
22/12/2017,57.9,57.93,57.84,57.93,29981
27/12/2017,57.93,58.01,57.93,57.99,10727
28/12/2017,57.92,57.92,57.84,57.88,19551
29/12/2017,57.89,57.93,57.83,57.83,22966
02/01/2018,58.08,58.08,57.78,57.89,9076
03/01/2018,57.86,57.92,57.84,57.92,9606
04/01/2018,57.89,57.94,57.84,57.94,6312
05/01/2018,57.99,58.12,57.92,57.92,34589
08/01/2018,58.01,58.06,57.95,58.03,83829
09/01/2018,58.01,58.01,57.9,57.93,859
10/01/2018,57.9,57.95,57.83,57.88,29719
11/01/2018,57.81,57.81,57.72,57.78,7172
12/01/2018,57.74,57.74,57.71,57.71,1582
15/01/2018,57.71,57.81,57.71,57.78,523
16/01/2018,57.79,57.88,57.78,57.88,20859
17/01/2018,57.78,57.93,57.78,57.91,29133
18/01/2018,57.78,57.92,57.77,57.92,7118
19/01/2018,57.79,57.95,57.79,57.95,6067
22/01/2018,57.94,57.94,57.85,57.94,10587
23/01/2018,57.97,58.02,57.97,58.02,3737
24/01/2018,57.96,57.99,57.85,57.99,19773
25/01/2018,57.89,57.91,57.78,57.9,1673
26/01/2018,57.78,57.81,57.73,57.81,3229
29/01/2018,57.63,57.71,57.63,57.71,5390
30/01/2018,57.63,57.76,57.63,57.74,10542
31/01/2018,57.68,57.77,57.67,57.73,24229
01/02/2018,57.46,57.5,57.43,57.48,2284
02/02/2018,57.46,57.46,57.34,57.4,6870
05/02/2018,57.36,57.48,57.36,57.48,17633
06/02/2018,57.5,57.5,57.33,57.33,1928
07/02/2018,57.5,57.5,57.35,57.35,31654
08/02/2018,57.37,57.37,57.26,57.33,1791
09/02/2018,57.21,57.29,57.2,57.2,1075
12/02/2018,57.27,57.31,57.2,57.29,21630
13/02/2018,57.33,57.34,57.15,57.23,7430
14/02/2018,57.17,57.25,57.05,57.15,16029
15/02/2018,57.17,57.2,57.07,57.2,2406
16/02/2018,57.16,57.42,57.16,57.42,5618
19/02/2018,57.33,57.36,57.26,57.36,24735
20/02/2018,57.33,57.34,57.29,57.29,371
21/02/2018,57.38,57.4,57.28,57.34,20048
22/02/2018,57.28,57.36,57.28,57.36,300
23/02/2018,57.33,57.43,57.33,57.42,12896
26/02/2018,57.47,57.47,57.36,57.43,1719
27/02/2018,57.38,57.38,57.38,57.38,206
28/02/2018,57.39,57.44,57.35,57.41,44157
01/03/2018,57.47,57.5,57.39,57.44,6279
02/03/2018,57.45,57.45,57.3,57.32,1435
05/03/2018,57.4,57.4,57.31,57.31,1985
06/03/2018,57.35,57.35,57.26,57.28,722
07/03/2018,57.25,57.34,57.24,57.28,30240
08/03/2018,57.32,57.42,57.23,57.42,3235
09/03/2018,57.39,57.39,57.37,57.37,400
12/03/2018,57.44,57.47,57.37,57.47,12848
13/03/2018,57.4,57.48,57.4,57.41,21608
14/03/2018,57.41,57.48,57.35,57.42,25398
15/03/2018,57.44,57.44,57.3,57.38,27486
16/03/2018,57.35,57.37,57.26,57.37,1196
19/03/2018,57.34,57.34,57.21,57.27,6823
20/03/2018,57.14,57.24,57.1,57.24,3601
21/03/2018,57.14,57.22,57.14,57.22,23399
22/03/2018,57.23,57.31,57.18,57.31,13145
23/03/2018,57.2,57.21,57.1,57.21,1270
26/03/2018,57.24,57.24,57.2,57.2,9718
27/03/2018,57.27,57.36,57.2,57.36,12663
28/03/2018,57.35,57.35,57.23,57.33,20146
29/03/2018,57.33,57.37,57.26,57.37,8355
03/04/2018,57.26,57.31,57.26,57.3,2080
04/04/2018,57.29,57.35,57.29,57.29,24613
05/04/2018,57.25,57.28,57.25,57.28,2937
06/04/2018,57.31,57.34,57.28,57.29,567
09/04/2018,57.39,57.39,57.27,57.27,690
10/04/2018,57.38,57.38,57.3,57.35,3377
11/04/2018,57.36,57.39,57.36,57.38,732
12/04/2018,57.39,57.4,57.37,57.38,19818
13/04/2018,57.36,57.45,57.34,57.45,8200
16/04/2018,57.44,57.44,57.37,57.4,339
17/04/2018,57.43,57.53,57.43,57.53,694
18/04/2018,57.49,57.5,57.44,57.44,21856
19/04/2018,57.35,57.36,57.25,57.25,346
20/04/2018,57.23,57.26,57.23,57.26,205
23/04/2018,57.21,57.21,57.09,57.18,12281
24/04/2018,57.27,57.27,57.2,57.23,11162
25/04/2018,57.14,57.2,57.14,57.16,15859
26/04/2018,57.27,57.29,57.27,57.29,345
27/04/2018,57.3,57.35,57.3,57.35,114
30/04/2018,57.61,57.61,57.3,57.39,10665
02/05/2018,57.36,57.38,57.33,57.33,32509
03/05/2018,57.33,57.4,57.33,57.4,6789
07/05/2018,57.4,57.5,57.37,57.4,6428
08/05/2018,57.33,57.38,57.27,57.36,40111
09/05/2018,57.32,57.36,57.25,57.36,52203
10/05/2018,57.39,57.39,57.35,57.35,250
11/05/2018,57.34,57.36,57.34,57.35,864
14/05/2018,57.28,57.28,57.21,57.21,13380
15/05/2018,57.25,57.25,57.14,57.14,541
16/05/2018,57.18,57.2,57.13,57.17,22808
17/05/2018,57.07,57.07,57.02,57.05,12302
18/05/2018,57.12,57.13,57.08,57.11,5984
22/05/2018,57.13,57.2,57.13,57.17,1253
23/05/2018,57.12,57.14,57.07,57.07,18415
24/05/2018,57.12,57.16,57.11,57.16,11958
25/05/2018,57.24,57.24,57.21,57.21,2323
28/05/2018,57.14,57.28,57.14,57.26,2976
29/05/2018,57.3,57.3,57.03,57.26,5690
30/05/2018,57.14,57.24,57.06,57.06,23396
31/05/2018,57.08,57.18,57.03,57.04,17342
01/06/2018,57.08,57.18,57.06,57.14,611
04/06/2018,57.18,57.18,57.13,57.13,352
05/06/2018,57.24,57.31,57.24,57.31,12042
06/06/2018,57.15,57.15,57,57.03,19569
07/06/2018,56.96,56.99,56.89,56.89,4362
08/06/2018,56.95,57.04,56.93,57.02,6437
11/06/2018,56.93,56.96,56.83,56.9,11274
12/06/2018,56.92,56.99,56.83,56.98,12177
13/06/2018,57,57.07,57,57.07,29205
14/06/2018,57.03,57.25,56.92,57.25,3841
15/06/2018,57.3,57.36,57.24,57.24,2015
18/06/2018,57.36,57.36,57.3,57.3,5491
19/06/2018,57.3,57.35,57.29,57.31,5295
20/06/2018,57.32,57.39,57.29,57.39,22155
21/06/2018,57.34,57.41,57.28,57.34,77081
22/06/2018,57.4,57.43,57.33,57.38,906
25/06/2018,57.31,57.4,57.27,57.27,7410
26/06/2018,57.24,57.3,57.18,57.18,9529
27/06/2018,57.19,57.27,57.16,57.27,26776
28/06/2018,57.15,57.21,57.08,57.08,25717
29/06/2018,57.13,57.25,57.13,57.18,721
02/07/2018,57.49,57.49,57.08,57.16,6045
03/07/2018,57.2,57.23,57.18,57.18,10520
04/07/2018,57.18,57.21,57.14,57.18,26060
05/07/2018,57.18,57.22,57.12,57.22,3832
06/07/2018,57.27,57.3,57.25,57.28,75371
09/07/2018,57.25,57.35,57.25,57.31,5617
10/07/2018,57.31,57.37,57.31,57.34,1764
11/07/2018,57.39,57.39,57.28,57.33,29116
12/07/2018,57.36,57.42,57.35,57.42,861
13/07/2018,57.43,57.49,57.41,57.45,421
16/07/2018,57.47,57.47,57.42,57.45,2590
17/07/2018,57.4,57.47,57.4,57.45,3340
18/07/2018,57.51,57.66,57.5,57.5,12364
19/07/2018,57.49,57.51,57.42,57.51,2403
20/07/2018,57.46,57.46,57.38,57.39,587
24/07/2018,57.33,57.39,57.3,57.36,2213
25/07/2018,57.42,57.42,57.34,57.42,16959
26/07/2018,57.38,57.44,57.33,57.44,1027
27/07/2018,57.39,57.49,57.39,57.44,2668
30/07/2018,57.36,57.36,57.32,57.36,663
31/07/2018,57.38,57.38,57.38,57.38,84
01/08/2018,57.07,57.07,56.98,57.02,11807
02/08/2018,57.05,57.08,57,57.03,41598
03/08/2018,57.12,57.18,57.12,57.18,355
06/08/2018,57.19,57.23,57.19,57.21,3296
07/08/2018,57.25,57.25,57.16,57.18,423
08/08/2018,57.21,57.25,57.21,57.22,3109
09/08/2018,57.28,57.28,57.21,57.26,25774
10/08/2018,57.25,57.35,57.25,57.33,549
13/08/2018,57.29,57.31,57.29,57.31,1895
14/08/2018,57.33,57.33,57.29,57.29,136
15/08/2018,57.28,57.32,57.26,57.29,3898
16/08/2018,57.42,57.42,57.24,57.32,15333
17/08/2018,57.28,57.37,57.28,57.35,1595
20/08/2018,57.27,57.32,57.18,57.23,13895
21/08/2018,57.22,57.26,57.21,57.26,2657
22/08/2018,57.3,57.3,57.14,57.14,2143
23/08/2018,57.13,57.21,57.13,57.16,13229
24/08/2018,57.14,57.14,57.14,57.14,3543
27/08/2018,57.13,57.13,57.09,57.09,617
28/08/2018,57.09,57.11,57.03,57.04,259
29/08/2018,57.07,57.07,56.96,56.96,1432
30/08/2018,57.01,57.1,56.93,57.1,24891
31/08/2018,57.01,57.07,57.01,57.04,175
03/09/2018,56.99,57.02,56.95,57.02,2434
04/09/2018,56.89,56.97,56.89,56.92,477
05/09/2018,56.9,56.9,56.76,56.83,15578
06/09/2018,56.85,56.95,56.84,56.95,24647
07/09/2018,56.87,56.93,56.87,56.89,140
10/09/2018,56.89,56.91,56.85,56.91,13498
11/09/2018,56.91,56.91,56.89,56.91,490
12/09/2018,56.85,56.99,56.85,56.99,8630
13/09/2018,56.93,56.99,56.92,56.92,15911
14/09/2018,56.94,56.99,56.92,56.94,519
17/09/2018,56.93,56.96,56.89,56.96,21670
18/09/2018,56.95,56.97,56.89,56.97,1028
19/09/2018,56.88,56.99,56.88,56.94,9862
20/09/2018,56.9,57.02,56.9,57.02,23507
21/09/2018,56.98,57.04,56.97,57.02,1256
24/09/2018,57.01,57.01,56.86,56.9,5624
25/09/2018,56.88,56.88,56.8,56.81,10253
26/09/2018,56.77,56.81,56.77,56.81,34
27/09/2018,56.8,56.88,56.8,56.83,25669
28/09/2018,56.92,56.92,56.86,56.86,430
01/10/2018,56.96,56.96,56.83,56.95,5201
02/10/2018,56.98,57.06,56.98,57.06,1128
04/10/2018,56.84,56.86,56.76,56.76,4282
05/10/2018,56.72,56.74,56.71,56.71,1161
08/10/2018,56.82,56.82,56.73,56.81,6567
09/10/2018,56.74,56.77,56.74,56.77,435
10/10/2018,56.71,56.74,56.67,56.67,882
11/10/2018,56.74,56.74,56.68,56.73,471
12/10/2018,56.74,56.83,56.74,56.83,626
15/10/2018,56.87,56.87,56.8,56.8,8736
16/10/2018,56.75,56.84,56.75,56.81,1333
17/10/2018,56.83,56.9,56.83,56.89,1502
18/10/2018,56.81,56.96,56.81,56.93,13305
19/10/2018,56.95,56.95,56.84,56.88,2302
22/10/2018,56.78,56.84,56.77,56.8,9870
23/10/2018,56.81,56.84,56.79,56.84,1140
24/10/2018,56.83,56.85,56.79,56.85,12698
25/10/2018,56.75,56.81,56.73,56.74,15737
26/10/2018,56.69,56.82,56.69,56.8,5594
29/10/2018,56.7,56.75,56.69,56.71,9914
30/10/2018,56.77,56.77,56.77,56.77,701
01/11/2018,56.73,56.8,56.73,56.8,856
02/11/2018,56.73,56.78,56.69,56.78,6477
05/11/2018,56.84,56.84,56.75,56.75,272
06/11/2018,56.73,56.79,56.73,56.79,101
07/11/2018,56.84,56.84,56.73,56.79,854
08/11/2018,56.79,56.79,56.74,56.78,10646
09/11/2018,56.82,56.82,56.76,56.81,487
12/11/2018,56.8,56.81,56.74,56.81,798
13/11/2018,56.72,56.75,56.67,56.68,6594
15/11/2018,56.73,56.73,56.55,56.59,10226
16/11/2018,56.53,56.56,56.44,56.49,764
19/11/2018,56.49,56.49,56.32,56.37,31436
20/11/2018,56.34,56.34,56.25,56.27,4627
21/11/2018,56.27,56.3,56.27,56.27,838
22/11/2018,56.39,56.39,56.28,56.32,16343
23/11/2018,56.37,56.4,56.37,56.39,26
26/11/2018,56.41,56.43,56.34,56.36,4165
27/11/2018,56.38,56.38,56.34,56.38,6485
28/11/2018,56.4,56.4,56.31,56.33,8640
29/11/2018,56.32,56.42,56.32,56.36,11786
30/11/2018,56.39,56.39,56.31,56.31,873
03/12/2018,56.32,56.38,56.29,56.38,14224
04/12/2018,56.37,56.38,56.31,56.38,1588
05/12/2018,56.34,56.34,56.23,56.31,3570
06/12/2018,56.37,56.37,56.24,56.24,10641
07/12/2018,56.34,56.34,56.2,56.27,9690
10/12/2018,56.26,56.26,56.17,56.22,10743
11/12/2018,56.21,56.24,56.17,56.24,84
12/12/2018,56.29,56.37,56.25,56.37,9261
13/12/2018,56.43,56.54,56.42,56.42,4716
14/12/2018,56.48,56.57,56.48,56.57,8409
17/12/2018,56.68,56.68,56.48,56.5,11114
18/12/2018,56.54,56.6,56.48,56.55,3948
19/12/2018,56.52,56.58,56.52,56.58,623
20/12/2018,56.59,56.59,56.46,56.51,1921
21/12/2018,56.46,56.46,56.32,56.32,4395
27/12/2018,56.36,56.52,56.36,56.52,3048
28/12/2018,56.51,56.55,56.44,56.44,503
02/01/2019,56.54,56.62,56.54,56.61,4020
03/01/2019,56.61,56.61,56.48,56.49,5456
04/01/2019,56.5,56.5,56.39,56.39,3348
07/01/2019,56.45,56.45,56.32,56.34,2372
08/01/2019,56.3,56.3,56.24,56.28,9400
09/01/2019,56.27,56.43,56.27,56.43,4866
10/01/2019,56.36,56.4,56.34,56.39,704
11/01/2019,56.4,56.5,56.4,56.45,9996
14/01/2019,56.45,56.51,56.45,56.51,1868
15/01/2019,56.47,56.6,56.47,56.6,103
16/01/2019,56.56,56.7,56.56,56.67,728
17/01/2019,56.79,56.79,56.61,56.68,9878
18/01/2019,56.63,56.76,56.63,56.71,1133
21/01/2019,56.69,56.77,56.69,56.77,1226
22/01/2019,56.85,56.85,56.73,56.74,1047
23/01/2019,56.77,56.79,56.72,56.76,1825
24/01/2019,56.83,56.99,56.82,56.99,11326
25/01/2019,56.92,56.98,56.92,56.96,392
28/01/2019,56.94,56.94,56.88,56.91,28
29/01/2019,56.91,56.92,56.89,56.92,1089
30/01/2019,56.99,57,56.92,56.98,22930
31/01/2019,57,57.28,57,57.28,18631
01/02/2019,56.93,57,56.93,56.94,4330
04/02/2019,56.98,56.98,56.92,56.94,1826
05/02/2019,56.97,57.16,56.96,57.11,2664
06/02/2019,57.16,57.29,57.12,57.12,361
07/02/2019,57.13,57.19,57.11,57.16,36703
08/02/2019,57.14,57.15,57.07,57.15,2856
11/02/2019,57.1,57.1,57.05,57.06,1085
12/02/2019,57.07,57.14,57.04,57.1,2466
13/02/2019,57.17,57.28,57.15,57.28,17225
14/02/2019,57.28,57.28,57.17,57.18,19124
15/02/2019,57.2,57.24,57.19,57.23,1000
18/02/2019,57.25,57.25,57.22,57.25,420
19/02/2019,57.29,57.34,57.29,57.29,376
20/02/2019,57.31,57.34,57.29,57.32,1842
21/02/2019,57.29,57.33,57.21,57.23,29328
22/02/2019,57.26,57.3,57.23,57.3,1264
25/02/2019,57.25,57.36,57.22,57.3,4858
26/02/2019,57.3,57.37,57.26,57.37,5071
27/02/2019,57.32,57.39,57.3,57.33,1799
28/02/2019,57.31,57.37,57.31,57.37,1836
01/03/2019,57.27,57.38,57.27,57.33,7700
04/03/2019,57.49,57.49,57.33,57.44,15630
05/03/2019,57.39,57.39,57.36,57.38,1329
06/03/2019,57.39,57.42,57.3,57.4,3430
07/03/2019,57.39,57.5,57.36,57.5,27033
08/03/2019,57.51,57.51,57.34,57.34,2651
11/03/2019,57.43,57.43,57.37,57.42,2059
12/03/2019,57.5,57.61,57.41,57.61,4506
13/03/2019,57.56,57.62,57.55,57.62,411
14/03/2019,57.58,57.75,57.58,57.73,24956
15/03/2019,57.68,57.72,57.67,57.7,5044
18/03/2019,57.79,57.82,57.7,57.82,12516
19/03/2019,57.86,57.86,57.76,57.79,790
20/03/2019,57.8,57.8,57.69,57.69,1577
21/03/2019,57.81,57.86,57.79,57.86,3270
22/03/2019,57.95,57.95,57.83,57.92,1918
25/03/2019,57.86,57.86,57.8,57.84,2093
26/03/2019,57.83,57.9,57.83,57.85,2093
27/03/2019,57.91,58.06,57.91,58.06,1904
28/03/2019,58,58.11,58,58.05,5588
29/03/2019,58.12,58.12,58,58.09,1292
01/04/2019,58.04,58.16,58.04,58.06,3826
02/04/2019,58.07,58.18,58.07,58.16,13335
03/04/2019,58.09,58.12,58.05,58.07,1469
04/04/2019,58.13,58.13,58.03,58.07,5324
05/04/2019,58.15,58.15,58.03,58.09,1858
08/04/2019,58.13,58.13,58.02,58.02,1410
09/04/2019,58.08,58.13,58.04,58.05,485
10/04/2019,58.1,58.23,58.08,58.14,747
11/04/2019,58.15,58.21,58.13,58.13,6044
12/04/2019,58.17,58.17,58.06,58.13,14002
15/04/2019,58.19,58.19,58.05,58.14,1231
16/04/2019,58.15,58.21,58.14,58.19,1820
17/04/2019,58.11,58.21,58.11,58.21,5476
18/04/2019,58.13,58.31,58.13,58.28,4047
23/04/2019,58.33,58.34,58.19,58.34,989
24/04/2019,58.29,58.46,58.29,58.46,146
25/04/2019,58.44,58.48,58.43,58.48,1330
26/04/2019,58.42,58.52,58.42,58.45,799
29/04/2019,58.47,58.5,58.43,58.49,14933
30/04/2019,58.45,58.46,58.39,58.46,1086
02/05/2019,58.57,58.57,58.45,58.47,1081
03/05/2019,58.47,58.48,58.38,58.45,1807
06/05/2019,58.56,58.56,58.38,58.5,12623
07/05/2019,58.44,58.51,58.44,58.51,1345
08/05/2019,58.34,58.4,58.31,58.31,49737
09/05/2019,58.36,58.37,58.22,58.25,532
10/05/2019,58.23,58.3,58.23,58.29,5032
13/05/2019,58.31,58.31,58.18,58.18,5914
14/05/2019,58.18,58.27,58.18,58.27,1359
15/05/2019,58.3,58.35,58.28,58.33,3253
16/05/2019,58.31,58.38,58.3,58.33,10508
17/05/2019,58.43,58.45,58.39,58.42,1402
20/05/2019,58.38,58.4,58.35,58.4,1065
21/05/2019,58.35,58.35,58.27,58.34,765
22/05/2019,58.28,58.3,58.23,58.3,5999
23/05/2019,58.27,58.27,58.12,58.2,4413
24/05/2019,58.16,58.22,58.16,58.22,1765
27/05/2019,58.24,58.33,58.24,58.3,8190
28/05/2019,58.25,58.31,58.2,58.22,9796
29/05/2019,58.2,58.27,58.2,58.24,637
31/05/2019,58.31,58.34,58.29,58.32,33725
03/06/2019,58.29,58.29,58.23,58.25,6065
04/06/2019,58.3,58.4,58.3,58.4,3180
05/06/2019,58.45,58.57,58.42,58.52,2057
06/06/2019,58.56,58.58,58.55,58.55,5098
07/06/2019,58.57,58.74,58.56,58.66,17354
11/06/2019,58.71,58.77,58.71,58.73,2485
12/06/2019,58.79,58.79,58.67,58.73,15850
13/06/2019,58.71,58.73,58.68,58.69,1905
14/06/2019,58.74,58.77,58.7,58.75,1072
17/06/2019,58.73,58.76,58.7,58.76,1560
18/06/2019,58.81,59.17,58.76,59.17,9151
19/06/2019,59.13,59.14,59.07,59.09,2219
20/06/2019,59.36,59.41,59.23,59.4,3990
21/06/2019,59.37,59.37,59.23,59.33,6402
24/06/2019,59.34,59.4,59.22,59.3,20815
25/06/2019,59.25,59.34,59.25,59.3,1878
26/06/2019,59.3,59.3,59.19,59.19,194
27/06/2019,59.19,59.28,59.15,59.23,1381
28/06/2019,59.25,59.3,59.23,59.29,4138
01/07/2019,59.3,59.48,59.28,59.43,5243
02/07/2019,59.57,59.57,59.39,59.46,6519
03/07/2019,59.57,59.59,59.49,59.56,3153
04/07/2019,59.58,59.7,59.57,59.65,84487
05/07/2019,59.64,59.69,59.53,59.56,3442
08/07/2019,59.71,59.71,59.55,59.58,2845
09/07/2019,59.41,59.49,59.41,59.49,4481
10/07/2019,59.36,59.45,59.32,59.45,3947
11/07/2019,59.5,59.5,59.36,59.36,13794
12/07/2019,59.37,59.43,59.36,59.38,3344
15/07/2019,59.44,59.52,59.44,59.49,2167
16/07/2019,59.5,59.58,59.48,59.58,7915
17/07/2019,59.5,59.66,59.5,59.64,290
18/07/2019,59.63,59.66,59.57,59.66,2809
19/07/2019,59.66,59.71,59.66,59.68,2651
22/07/2019,59.73,59.8,59.73,59.8,3769
23/07/2019,59.76,59.92,59.76,59.92,1432
24/07/2019,59.82,60.05,59.82,60.05,1909
25/07/2019,60.06,60.28,59.98,60.02,3392
26/07/2019,59.98,60.12,59.98,60.11,15983
29/07/2019,60.08,60.14,60.06,60.13,2003
30/07/2019,60.1,60.1,59.99,60.01,41923
31/07/2019,60.04,60.09,59.99,60.07,1415
01/08/2019,59.74,59.87,59.68,59.84,4077
02/08/2019,59.77,59.82,59.72,59.74,8615
05/08/2019,59.8,59.8,59.67,59.7,2341
06/08/2019,59.72,59.75,59.68,59.68,6498
07/08/2019,59.75,59.9,59.71,59.87,3270
08/08/2019,59.7,59.96,59.7,59.96,55872
09/08/2019,59.85,59.94,59.85,59.93,440
12/08/2019,60.06,60.06,59.88,59.95,1275
13/08/2019,59.95,60.06,59.87,60.05,8395
14/08/2019,60.05,60.05,59.97,59.97,6212
15/08/2019,59.97,60.12,59.92,60.07,52055
16/08/2019,60.1,60.13,60.05,60.13,965
19/08/2019,60.12,60.12,60.02,60.07,4123
20/08/2019,60.09,60.19,60.09,60.19,1694
21/08/2019,60.12,60.17,60.07,60.07,655
22/08/2019,60.13,60.13,59.99,60.08,1923
23/08/2019,60.07,60.13,60.01,60.13,2221
26/08/2019,60.06,60.11,60.03,60.1,5727
27/08/2019,60.12,60.14,60.06,60.1,3229
28/08/2019,60.17,60.17,60.13,60.13,1184
29/08/2019,60.09,60.14,60.07,60.08,3540
30/08/2019,60.08,60.18,60.08,60.13,6337
02/09/2019,60.12,60.17,60.06,60.09,804
03/09/2019,60.14,60.18,60.05,60.07,3256
04/09/2019,60.02,60.07,59.87,60,799
05/09/2019,60,60,59.78,59.78,46063
06/09/2019,59.87,59.93,59.83,59.92,5513
09/09/2019,59.9,59.9,59.73,59.77,2167
10/09/2019,59.75,59.75,59.6,59.6,14711
11/09/2019,59.66,59.66,59.54,59.62,1489
12/09/2019,59.63,60.02,59.55,59.72,6932
13/09/2019,59.69,59.69,59.56,59.59,1225
16/09/2019,59.66,59.69,59.63,59.66,11652
17/09/2019,59.77,59.77,59.44,59.44,7270
18/09/2019,59.58,59.58,59.49,59.51,1397
19/09/2019,59.47,59.52,59.41,59.48,4681
20/09/2019,59.5,59.55,59.49,59.55,5537
23/09/2019,59.52,59.67,59.49,59.63,8302
24/09/2019,59.61,59.7,59.56,59.63,4359
25/09/2019,59.62,59.67,59.61,59.63,4613
26/09/2019,59.68,59.74,59.65,59.74,2436
27/09/2019,59.71,59.73,59.63,59.63,8004
01/10/2019,59.74,59.81,59.67,59.81,7413
02/10/2019,59.72,59.75,59.6,59.6,34634
04/10/2019,59.74,59.75,59.68,59.75,6420
07/10/2019,59.74,59.75,59.66,59.73,1670
08/10/2019,59.67,59.76,59.67,59.75,1760
09/10/2019,59.7,59.7,59.62,59.62,11781
10/10/2019,59.72,59.72,59.45,59.45,3544
11/10/2019,59.47,59.55,59.47,59.55,2050
14/10/2019,59.52,59.56,59.52,59.56,1327
15/10/2019,59.54,59.61,59.52,59.56,12035
16/10/2019,59.5,59.56,59.46,59.49,6775
17/10/2019,59.53,59.53,59.4,59.5,19749
18/10/2019,59.48,59.49,59.43,59.49,838
21/10/2019,59.42,59.43,59.36,59.4,3140
22/10/2019,59.43,59.51,59.43,59.44,807
23/10/2019,59.54,59.58,59.52,59.52,4009
24/10/2019,59.52,59.6,59.48,59.55,13270
25/10/2019,59.53,59.6,59.52,59.59,1000
28/10/2019,59.51,59.52,59.46,59.49,489
29/10/2019,59.53,59.53,59.49,59.49,6222
30/10/2019,59.53,59.53,59.49,59.53,413
31/10/2019,59.59,59.63,59.59,59.61,22884
01/11/2019,59.59,59.66,59.59,59.61,18213
04/11/2019,59.6,59.63,59.54,59.54,14756
05/11/2019,59.53,59.61,59.52,59.53,3748
06/11/2019,59.55,59.58,59.46,59.55,1230
07/11/2019,59.54,59.57,59.34,59.34,7893
08/11/2019,59.37,59.41,59.33,59.35,3076
11/11/2019,59.37,59.37,59.34,59.36,7322
12/11/2019,59.33,59.39,59.28,59.39,344926
13/11/2019,59.38,59.4,59.36,59.39,920
14/11/2019,59.4,59.48,59.33,59.48,4293
15/11/2019,59.53,59.53,59.41,59.44,625
18/11/2019,59.31,59.43,59.31,59.39,2030
19/11/2019,59.37,59.43,59.32,59.32,8348
20/11/2019,59.43,59.43,59.35,59.37,731
21/11/2019,59.37,59.37,59.22,59.22,2982
22/11/2019,59.22,59.35,59.22,59.33,6443
25/11/2019,59.38,59.44,59.31,59.44,8850
26/11/2019,59.4,59.53,59.4,59.53,1957
27/11/2019,59.54,59.58,59.43,59.43,5752
28/11/2019,59.58,59.58,59.44,59.46,3255
29/11/2019,59.44,59.51,59.44,59.51,4924
02/12/2019,59.49,59.49,59.29,59.37,3787
03/12/2019,59.28,59.51,59.27,59.51,2180
04/12/2019,59.48,59.52,59.43,59.44,3605
05/12/2019,59.39,59.41,59.35,59.37,5271
06/12/2019,59.37,59.45,59.37,59.43,2199
09/12/2019,59.43,59.5,59.42,59.44,4904
10/12/2019,59.49,59.55,59.44,59.55,1326
11/12/2019,59.53,59.57,59.53,59.55,2660
12/12/2019,59.54,59.6,59.49,59.51,2610
13/12/2019,59.45,59.61,59.45,59.57,936
16/12/2019,59.64,59.67,59.6,59.63,9656
17/12/2019,59.75,59.75,59.6,59.62,1798
18/12/2019,59.67,59.71,59.56,59.63,2449
19/12/2019,59.55,59.59,59.5,59.52,3878
20/12/2019,59.56,59.65,59.51,59.56,4574
23/12/2019,59.64,59.67,59.58,59.64,2623
27/12/2019,59.88,59.88,59.56,59.59,4240
30/12/2019,59.44,59.5,59.44,59.46,1184
02/01/2020,59.35,59.65,59.35,59.64,5760
03/01/2020,59.68,59.74,59.68,59.72,8495
06/01/2020,59.63,59.72,59.6,59.6,882
07/01/2020,59.72,59.72,59.65,59.66,8015
08/01/2020,59.64,59.64,59.53,59.54,6714
09/01/2020,59.5,59.5,59.43,59.43,4027
10/01/2020,59.51,59.53,59.48,59.53,3437
13/01/2020,59.36,59.48,59.36,59.39,3153
14/01/2020,59.45,59.47,59.39,59.47,18876
15/01/2020,59.47,59.54,59.45,59.5,3761
16/01/2020,59.58,59.63,59.51,59.63,2373
17/01/2020,59.57,59.68,59.57,59.68,2116
20/01/2020,59.68,59.71,59.6,59.71,1230
21/01/2020,59.63,59.78,59.63,59.75,4700
22/01/2020,59.78,59.81,59.74,59.81,381
23/01/2020,59.77,59.87,59.75,59.87,4679
24/01/2020,59.73,59.9,59.73,59.88,702
27/01/2020,60.02,60.02,59.92,59.99,3188
28/01/2020,59.93,59.95,59.83,59.85,1006
29/01/2020,59.92,59.99,59.87,59.96,2824
30/01/2020,60.01,60.02,59.89,59.94,5889
31/01/2020,60,60.12,59.96,60.12,644
03/02/2020,59.88,59.88,59.78,59.84,10028
04/02/2020,59.83,59.83,59.75,59.76,4669
05/02/2020,59.81,59.81,59.71,59.76,15326
06/02/2020,59.87,59.87,59.67,59.74,3391
07/02/2020,59.74,59.83,59.73,59.74,4683
10/02/2020,59.72,59.85,59.7,59.82,6658
11/02/2020,59.77,59.87,59.74,59.78,2595
12/02/2020,59.74,59.81,59.69,59.81,4098
13/02/2020,59.81,59.84,59.76,59.81,2209
14/02/2020,59.77,59.88,59.77,59.84,1382
17/02/2020,59.8,59.89,59.7,59.79,14674
18/02/2020,60.15,60.15,59.82,59.91,6112
19/02/2020,59.84,59.92,59.82,59.9,4433
20/02/2020,59.98,59.98,59.87,59.93,6671
21/02/2020,59.88,59.93,59.84,59.84,3584
24/02/2020,59.88,59.94,59.81,59.81,6974
25/02/2020,59.86,59.86,59.79,59.82,4020
26/02/2020,59.55,59.73,59.5,59.69,17241
27/02/2020,59.6,59.69,59.53,59.58,3503
28/02/2020,59.58,59.58,59.01,59.17,5794
02/03/2020,59.24,59.63,59.24,59.41,11492
03/03/2020,59.41,59.76,59.41,59.76,10605
04/03/2020,59.42,59.68,59.42,59.67,8235
05/03/2020,59.73,59.73,59.48,59.57,1575
06/03/2020,59.45,59.45,59.1,59.12,8447
09/03/2020,57.58,58.24,57.58,58.12,11663
10/03/2020,57.79,58.66,57.79,58.26,7289
11/03/2020,58.33,58.62,58.13,58.45,1737
12/03/2020,57.8,57.9,56.56,56.75,11750
13/03/2020,57.2,57.84,56.79,57.13,6803
16/03/2020,56.54,56.54,54.6,54.6,3237
17/03/2020,54.39,54.94,53.78,53.98,7361
18/03/2020,53.05,53.16,50.41,51.71,10604
19/03/2020,53.22,53.92,52.52,53.3,1368
20/03/2020,54.28,54.62,53.92,54.47,3638
23/03/2020,53.59,54.2,52.81,54.03,6976
24/03/2020,54.84,55.62,54.21,54.76,2033
25/03/2020,55.28,55.84,54.44,54.88,1640
26/03/2020,54.98,55.74,54.61,55.74,252
27/03/2020,56.25,56.25,55.26,55.59,249
30/03/2020,55.49,55.76,55.28,55.76,3824
31/03/2020,56.05,56.05,55.55,55.58,3502
01/04/2020,55.4,55.62,55.25,55.41,30031
02/04/2020,55.4,55.49,55.24,55.29,752
03/04/2020,55.24,55.48,55.24,55.35,352
06/04/2020,55.42,55.73,55.39,55.71,765
07/04/2020,55.67,55.9,55.62,55.72,875
08/04/2020,55.67,55.93,55.54,55.87,2080
09/04/2020,56.04,57.09,56.04,57.04,1249
14/04/2020,56.5,57.11,56.5,57.07,1944
15/04/2020,57.16,57.16,56.36,56.36,3784
16/04/2020,56.84,56.94,56.62,56.78,3078
17/04/2020,57.06,57.09,56.81,56.92,4735
20/04/2020,56.98,56.98,56.79,56.81,1170
21/04/2020,56.68,56.84,56.55,56.55,8596
22/04/2020,56.79,57.25,56.66,57.25,516
23/04/2020,57.04,57.1,56.84,57.06,2061
24/04/2020,57.12,57.34,57.03,57.31,4645
27/04/2020,57.41,57.52,57.37,57.46,21521
28/04/2020,57.4,57.61,57.05,57.22,2184
29/04/2020,57.33,57.51,57.24,57.46,550
30/04/2020,57.77,57.77,57.42,57.55,477
04/05/2020,57.5,57.5,57.32,57.38,2466
05/05/2020,57.45,57.69,57.37,57.54,2636
06/05/2020,57.57,57.57,57.08,57.08,791
07/05/2020,57,57.24,56.98,57.24,2796
08/05/2020,57.27,57.43,57.24,57.24,682
11/05/2020,57.24,57.24,57.1,57.13,1098
12/05/2020,57,57.22,57,57.12,1931
13/05/2020,57.05,57.11,56.88,56.95,3070
14/05/2020,56.93,57.19,56.84,56.85,351
15/05/2020,56.88,57.1,56.83,56.83,24
18/05/2020,56.84,57.13,56.84,56.91,446
19/05/2020,57.07,57.24,56.9,56.93,858
20/05/2020,56.92,57.14,56.92,57.14,108
21/05/2020,57.26,57.34,57.22,57.34,1039
22/05/2020,57.23,57.51,57.04,57.51,1188
25/05/2020,57.38,57.6,57.28,57.55,925
26/05/2020,57.53,57.53,57.2,57.41,110
27/05/2020,57.48,57.71,57.41,57.61,629
28/05/2020,57.62,57.92,57.58,57.71,3958
29/05/2020,57.68,57.9,57.46,57.75,751
02/06/2020,57.82,58.11,57.82,58.11,8860
03/06/2020,58,58.36,58,58.35,12864
04/06/2020,58.14,58.45,58.08,58.45,24450
05/06/2020,58.34,59.25,58.2,58.88,7612
08/06/2020,58.91,58.91,58.73,58.73,2355
09/06/2020,58.66,58.73,58.38,58.39,1837
10/06/2020,58.48,58.49,58.35,58.36,1139
11/06/2020,58.13,58.27,58.13,58.27,968
12/06/2020,58.05,58.46,58.05,58.43,2245
15/06/2020,58.14,58.42,58.14,58.39,1023
16/06/2020,58.66,58.92,58.49,58.49,4410
17/06/2020,58.52,58.62,58.46,58.46,3232
18/06/2020,58.41,58.49,58.36,58.42,608
19/06/2020,58.4,58.5,58.37,58.37,674
22/06/2020,58.35,58.46,58.35,58.43,8361
23/06/2020,58.37,58.52,58.37,58.44,2699
24/06/2020,58.56,58.56,58.3,58.42,951
25/06/2020,58.32,58.46,58.32,58.33,1736
26/06/2020,58.37,58.45,58.31,58.31,360
29/06/2020,58.3,58.44,58.23,58.44,154
30/06/2020,58.5,58.65,58.5,58.57,1636
01/07/2020,58.61,58.61,58.31,58.43,1148
02/07/2020,58.53,58.69,58.53,58.69,1534
03/07/2020,58.62,58.65,58.5,58.58,12953
06/07/2020,58.7,58.71,58.61,58.66,1585
07/07/2020,58.35,58.65,58.35,58.57,2028
08/07/2020,58.52,58.68,58.52,58.68,1212
09/07/2020,58.73,58.83,58.66,58.72,8997
10/07/2020,58.57,58.75,58.57,58.72,316
13/07/2020,58.7,58.75,58.61,58.67,240
14/07/2020,58.33,58.86,58.33,58.76,17220
15/07/2020,58.74,58.91,58.74,58.91,853
16/07/2020,58.73,58.99,58.73,58.99,2306
17/07/2020,59,59.02,58.77,58.94,8078
20/07/2020,58.88,59.15,58.88,59.14,11330
21/07/2020,59.17,59.27,59.17,59.27,58
22/07/2020,59.21,59.31,59.17,59.28,2421
23/07/2020,59.31,59.35,59.19,59.23,1962
24/07/2020,59.17,59.22,59.11,59.18,222
27/07/2020,59.15,59.36,59.15,59.3,820
28/07/2020,59.32,59.4,59.29,59.38,797
29/07/2020,59.19,59.35,59.19,59.3,1170
30/07/2020,59.32,59.35,59.19,59.19,2666
31/07/2020,59.23,59.3,59.21,59.28,1620
03/08/2020,58.96,59.09,58.96,59.06,2963
04/08/2020,59.06,59.17,59.06,59.13,4186
05/08/2020,59.29,59.29,59.06,59.09,895
06/08/2020,59.07,59.27,59.07,59.27,3094
07/08/2020,59.21,59.31,59.21,59.31,1137
10/08/2020,59.24,59.39,59.22,59.38,2571
11/08/2020,59.45,59.45,59.31,59.34,25663
12/08/2020,59.41,59.41,59.2,59.31,676
13/08/2020,59.32,59.35,59.14,59.14,418
14/08/2020,59.16,59.16,58.95,59.04,26269
17/08/2020,59.18,59.18,59.09,59.17,2342
18/08/2020,59.11,59.22,59.11,59.16,4349
19/08/2020,59.12,59.3,59.12,59.3,1618
20/08/2020,59.18,59.31,59.18,59.27,13679
21/08/2020,59.15,59.39,59.15,59.32,2600
24/08/2020,59.17,59.39,59.17,59.35,747
25/08/2020,59.29,59.33,59.11,59.11,1175
26/08/2020,59.13,59.14,59.06,59.06,72
27/08/2020,59.08,59.22,59.06,59.15,549
28/08/2020,59.08,59.18,59.04,59.16,3255
31/08/2020,59.14,59.14,59,59.05,832
01/09/2020,59.07,59.14,59.01,59.13,1060
02/09/2020,59.13,59.37,59.13,59.37,863
03/09/2020,59.32,59.45,59.3,59.35,1578
04/09/2020,59.12,59.32,59.12,59.22,457
07/09/2020,59.1,59.33,59.1,59.31,1030
08/09/2020,59.08,59.35,59.08,59.34,294
09/09/2020,59.34,59.35,59.21,59.25,2740
10/09/2020,59.19,59.22,59.09,59.14,1056
11/09/2020,59.2,59.33,59.2,59.33,1304
14/09/2020,59.38,59.38,59.29,59.32,1529
15/09/2020,59.32,59.41,59.29,59.37,1680
16/09/2020,59.34,59.36,59.31,59.35,28
17/09/2020,59.37,59.45,59.27,59.41,702
18/09/2020,59.37,59.51,59.37,59.37,210
21/09/2020,59.39,59.44,59.31,59.31,1176
22/09/2020,59.32,59.32,59.19,59.22,14601
23/09/2020,59.27,59.32,59.25,59.27,516
24/09/2020,59.26,59.26,59.18,59.18,83
25/09/2020,59.13,59.17,59.09,59.14,2739
28/09/2020,59.27,59.27,59.15,59.15,1255
29/09/2020,59.18,59.27,59.06,59.24,526
30/09/2020,59.08,59.34,59.08,59.27,4772
01/10/2020,59.29,59.41,59.29,59.36,2129
02/10/2020,59.35,59.42,59.35,59.4,694
05/10/2020,59.41,59.49,59.4,59.44,3513
06/10/2020,59.47,59.58,59.47,59.58,6057
07/10/2020,59.53,59.53,59.45,59.47,30
08/10/2020,59.52,59.57,59.48,59.55,452
09/10/2020,59.56,59.65,59.53,59.65,27142
12/10/2020,59.67,59.71,59.59,59.69,11234
13/10/2020,59.69,59.72,59.68,59.7,1487
14/10/2020,59.67,59.74,59.66,59.66,9193
15/10/2020,59.72,59.72,59.62,59.64,1615
16/10/2020,59.71,59.83,59.71,59.81,1364
19/10/2020,59.8,59.86,59.77,59.79,1233
20/10/2020,59.8,59.85,59.78,59.79,1078
21/10/2020,59.82,59.84,59.71,59.79,3087
22/10/2020,59.75,59.79,59.72,59.76,94
23/10/2020,59.8,59.8,59.7,59.74,106
26/10/2020,59.76,59.76,59.65,59.71,1463
27/10/2020,59.68,59.83,59.68,59.83,549
28/10/2020,59.79,59.81,59.62,59.62,921
29/10/2020,59.69,59.75,59.65,59.71,4617
30/10/2020,59.55,59.71,59.55,59.66,10963
02/11/2020,59.71,59.78,59.63,59.77,5131
03/11/2020,59.73,59.85,59.73,59.81,5519
04/11/2020,59.82,59.9,59.71,59.87,344
05/11/2020,59.95,60.16,59.95,60.1,11823
06/11/2020,60.07,60.12,60.01,60.06,12162
09/11/2020,60.14,60.3,60.03,60.03,9829
10/11/2020,60.09,60.11,60.01,60.01,2516
11/11/2020,59.97,60.09,59.95,60.07,12270
12/11/2020,60.07,60.1,60.03,60.07,878
13/11/2020,60.07,60.1,60,60.07,4301
16/11/2020,60.14,60.24,60.03,60.2,3558
17/11/2020,60.15,60.26,60.15,60.24,7228
18/11/2020,60.24,60.36,60.2,60.27,2485
19/11/2020,60.27,60.29,60.23,60.26,6930
20/11/2020,60.29,60.33,60.26,60.32,3172
23/11/2020,60.63,60.63,60.24,60.31,3337
24/11/2020,60.31,60.39,60.31,60.36,4610
25/11/2020,60.46,60.46,60.32,60.34,3
26/11/2020,60.46,60.46,60.3,60.38,11846
27/11/2020,60.47,60.47,60.32,60.36,13332
30/11/2020,60.44,60.44,60.3,60.35,1064
01/12/2020,60.36,60.36,60.24,60.24,2229
02/12/2020,60.33,60.33,60.23,60.27,1195
03/12/2020,60.28,60.42,60.26,60.41,1549
04/12/2020,60.39,60.45,60.35,60.43,12474
07/12/2020,60.5,60.53,60.47,60.5,3406
08/12/2020,60.65,60.65,60.45,60.55,5220
09/12/2020,60.47,60.53,60.47,60.52,976
10/12/2020,60.56,60.6,60.48,60.51,7952
11/12/2020,60.67,60.67,60.48,60.59,3580
14/12/2020,60.5,60.58,60.49,60.52,5946
15/12/2020,60.52,60.57,60.45,60.45,498
16/12/2020,60.49,60.49,60.4,60.41,1986
17/12/2020,60.42,60.48,60.39,60.47,592
18/12/2020,60.48,60.49,60.36,60.47,2513
21/12/2020,60.57,60.57,60.39,60.43,3422
22/12/2020,60.44,60.49,60.41,60.47,1586
23/12/2020,60.44,60.51,60.33,60.34,7483
28/12/2020,60.54,60.54,60.37,60.48,6846
29/12/2020,60.34,60.57,60.34,60.55,1368
30/12/2020,60.44,60.54,60.42,60.49,2585
04/01/2021,60.63,60.65,60.58,60.63,4836
05/01/2021,60.56,60.61,60.56,60.58,5672
06/01/2021,60.51,60.55,60.47,60.51,1115
07/01/2021,60.56,60.61,60.55,60.55,2007
08/01/2021,60.62,60.63,60.56,60.56,1516
11/01/2021,60.68,60.68,60.46,60.46,9973
12/01/2021,60.34,60.42,60.29,60.3,4599
13/01/2021,60.37,60.46,60.33,60.46,4235
14/01/2021,60.48,60.5,60.44,60.49,1382
15/01/2021,60.49,60.49,60.38,60.39,708
18/01/2021,60.4,60.43,60.33,60.4,2785
19/01/2021,60.44,60.44,60.39,60.44,965
20/01/2021,60.46,60.52,60.43,60.5,1769
21/01/2021,60.47,60.49,60.37,60.37,1830
22/01/2021,60.31,60.45,60.31,60.44,4442
25/01/2021,60.39,60.49,60.39,60.47,9365
26/01/2021,60.49,60.49,60.42,60.45,3126
27/01/2021,60.54,60.54,60.3,60.36,5157
28/01/2021,60.37,60.38,60.26,60.34,2910
29/01/2021,60.27,60.39,60.23,60.37,16848
01/02/2021,60.13,60.25,60.09,60.13,4899
02/02/2021,60.19,60.19,60.09,60.15,3353
03/02/2021,60.21,60.21,60.12,60.14,854
04/02/2021,60.15,60.15,60.07,60.11,1220
05/02/2021,60.14,60.15,60.06,60.12,1477
08/02/2021,60.08,60.11,60.05,60.1,338
09/02/2021,60.09,60.16,60.06,60.12,1260
10/02/2021,60.14,60.16,60.07,60.07,3193
11/02/2021,60.15,60.19,60.12,60.13,1771
12/02/2021,60.14,60.14,60.03,60.05,1551
15/02/2021,60.15,60.15,59.97,60,2291
16/02/2021,60.06,60.06,59.92,59.92,17145
17/02/2021,59.9,59.97,59.76,59.95,1417
18/02/2021,59.93,59.98,59.85,59.86,29081
19/02/2021,59.82,59.88,59.8,59.83,11668
22/02/2021,59.72,59.88,59.72,59.88,4553
23/02/2021,59.79,59.83,59.74,59.77,649
24/02/2021,59.88,59.88,59.73,59.78,18389
25/02/2021,59.7,59.7,59.49,59.49,828
26/02/2021,59.5,59.81,59.35,59.53,6225
01/03/2021,59.69,59.84,59.69,59.84,1766
02/03/2021,59.8,59.84,59.72,59.84,1483
03/03/2021,59.87,59.87,59.68,59.68,332
04/03/2021,59.72,59.76,59.67,59.76,1433
05/03/2021,59.69,59.7,59.62,59.63,1309
08/03/2021,59.62,59.7,59.62,59.66,3286
09/03/2021,59.72,59.8,59.66,59.7,4504
10/03/2021,59.69,59.72,59.63,59.67,11544
11/03/2021,59.7,59.92,59.7,59.79,9916
12/03/2021,59.69,59.71,59.64,59.66,352
15/03/2021,59.74,59.75,59.68,59.75,1603
16/03/2021,59.74,59.78,59.69,59.72,2609
17/03/2021,59.71,59.71,59.56,59.6,1115
18/03/2021,59.55,59.55,59.48,59.54,2161
19/03/2021,59.57,59.63,59.54,59.62,2836
22/03/2021,59.67,59.72,59.65,59.7,956
23/03/2021,59.74,59.76,59.7,59.75,6824
24/03/2021,59.76,59.79,59.71,59.79,1393
25/03/2021,59.77,59.84,59.77,59.84,2121
26/03/2021,59.77,59.81,59.71,59.77,1546
29/03/2021,59.77,59.78,59.67,59.7,7435
30/03/2021,59.65,59.68,59.58,59.68,1813
31/03/2021,59.69,59.85,59.67,59.82,5521
01/04/2021,59.81,59.96,59.79,59.96,3034
06/04/2021,59.93,59.96,59.88,59.92,8889
07/04/2021,59.8,59.97,59.8,59.91,1314
08/04/2021,59.92,59.97,59.89,59.94,905
09/04/2021,59.95,59.95,59.83,59.83,917
12/04/2021,59.84,59.93,59.8,59.83,5080
13/04/2021,59.78,59.84,59.75,59.8,3683
14/04/2021,59.86,59.87,59.74,59.74,3870
15/04/2021,59.74,59.92,59.74,59.92,1816
16/04/2021,59.84,59.89,59.82,59.84,12638
19/04/2021,59.8,59.83,59.69,59.69,933
20/04/2021,59.7,59.81,59.7,59.79,2640
21/04/2021,59.79,59.8,59.69,59.8,6724
22/04/2021,59.84,59.87,59.78,59.82,2599
23/04/2021,59.82,59.87,59.79,59.81,1621
26/04/2021,59.78,59.86,59.75,59.8,4731
27/04/2021,59.8,59.85,59.8,59.81,264
28/04/2021,59.76,59.79,59.71,59.75,272
29/04/2021,59.73,59.79,59.65,59.66,3005
30/04/2021,59.72,59.74,59.65,59.71,17614
03/05/2021,59.72,59.76,59.6,59.74,5501
04/05/2021,59.72,59.82,59.72,59.78,3137
05/05/2021,59.81,59.83,59.74,59.8,1194
06/05/2021,59.8,59.85,59.74,59.78,1053
07/05/2021,59.81,59.86,59.75,59.78,735
10/05/2021,59.7,59.8,59.7,59.79,1184
11/05/2021,59.76,59.76,59.59,59.59,3362
12/05/2021,59.62,59.69,59.44,59.48,7219
13/05/2021,59.48,59.48,59.38,59.45,694
14/05/2021,59.48,59.53,59.48,59.52,313
17/05/2021,59.55,59.55,59.42,59.49,2340
18/05/2021,59.47,59.52,59.45,59.45,7732
19/05/2021,59.34,59.4,59.3,59.4,1512
20/05/2021,59.33,59.39,59.31,59.37,336
21/05/2021,59.4,59.46,59.4,59.43,2096
25/05/2021,59.52,59.57,59.49,59.54,1434
26/05/2021,59.59,59.65,59.56,59.62,6469
27/05/2021,59.51,59.64,59.51,59.57,24026
28/05/2021,59.56,59.67,59.56,59.62,587
31/05/2021,59.58,59.75,59.56,59.6,621
01/06/2021,59.58,59.66,59.56,59.62,6711
02/06/2021,59.75,59.75,59.54,59.69,1565
03/06/2021,59.66,59.69,59.66,59.66,461
04/06/2021,59.66,59.76,59.66,59.75,2449
07/06/2021,59.94,59.94,59.7,59.71,3220
08/06/2021,59.77,59.83,59.75,59.8,6359
09/06/2021,59.79,59.88,59.79,59.86,142
10/06/2021,59.86,59.9,59.8,59.87,1410
11/06/2021,59.92,59.99,59.91,59.94,5931
14/06/2021,60,60,59.88,59.88,3276
15/06/2021,59.89,59.9,59.84,59.84,473
16/06/2021,59.83,59.92,59.83,59.88,6493
17/06/2021,59.77,59.85,59.75,59.83,3599
18/06/2021,59.84,59.88,59.8,59.81,1010
21/06/2021,59.81,59.82,59.73,59.74,3860
22/06/2021,59.75,59.87,59.65,59.71,4040
23/06/2021,59.74,59.82,59.73,59.79,10380
24/06/2021,59.85,59.85,59.72,59.75,889
25/06/2021,59.76,59.79,59.71,59.71,5610
28/06/2021,59.76,59.79,59.69,59.79,2980
29/06/2021,59.77,59.81,59.76,59.79,7852
30/06/2021,59.8,59.86,59.77,59.86,3571
01/07/2021,59.85,59.88,59.8,59.86,4979
02/07/2021,59.76,59.98,59.76,59.95,2136
05/07/2021,59.99,59.99,59.9,59.93,3524
06/07/2021,59.91,60.03,59.91,60.03,3801
07/07/2021,60.02,60.15,60.02,60.13,24257
08/07/2021,60.18,60.22,60.13,60.16,1994
09/07/2021,60.04,60.18,60.04,60.09,3251
12/07/2021,60.1,60.17,60.1,60.14,2712
13/07/2021,60.13,60.21,60.13,60.13,4678
14/07/2021,60.08,60.19,60.08,60.18,4515
15/07/2021,60.22,60.23,60.17,60.2,5968
16/07/2021,60.12,60.25,60.12,60.25,1953
19/07/2021,60.26,60.27,60.22,60.27,12896
20/07/2021,60.28,60.37,60.28,60.32,2758
21/07/2021,60.37,60.37,60.29,60.3,1592
22/07/2021,60.46,60.46,60.29,60.39,4583
23/07/2021,60.29,60.44,60.29,60.44,8538
26/07/2021,60.47,60.48,60.4,60.4,86677
27/07/2021,60.36,60.49,60.36,60.44,9700
28/07/2021,60.46,60.52,60.46,60.51,11075
29/07/2021,60.53,60.53,60.45,60.53,4660
30/07/2021,60.42,60.52,60.42,60.52,2903
02/08/2021,60.37,60.37,60.22,60.32,6904
03/08/2021,60.32,60.35,60.27,60.32,4086
04/08/2021,60.33,60.4,60.32,60.36,7341
05/08/2021,60.39,60.45,60.38,60.39,2833
06/08/2021,60.23,60.38,60.23,60.26,1195
09/08/2021,60.32,60.32,60.26,60.26,16690
10/08/2021,60.22,60.3,60.22,60.24,1623
11/08/2021,60.23,60.24,60.18,60.24,1322
12/08/2021,60.27,60.27,60.21,60.25,1350
13/08/2021,60.17,60.27,60.17,60.24,2959
16/08/2021,60.29,60.29,60.21,60.23,9268
17/08/2021,60.3,60.31,60.22,60.23,3982
18/08/2021,60.27,60.28,60.24,60.27,2003
19/08/2021,60.27,60.28,60.24,60.27,3091
20/08/2021,60.19,60.32,60.19,60.27,6795
23/08/2021,60.31,60.31,60.19,60.24,3949
24/08/2021,60.21,60.26,60.21,60.23,30340
25/08/2021,60.21,60.24,60.08,60.09,2413
26/08/2021,60.1,60.1,60.02,60.04,24133
27/08/2021,59.98,60.07,59.98,60.07,3408
30/08/2021,60.03,60.1,60.03,60.1,878
31/08/2021,60.11,60.13,59.99,59.99,13190
01/09/2021,60.05,60.05,59.95,59.97,7778
02/09/2021,59.97,60.05,59.97,60.01,7445
03/09/2021,60,60.06,59.94,59.94,3817
06/09/2021,59.95,59.98,59.91,59.96,4563
07/09/2021,59.9,59.9,59.8,59.82,4583
08/09/2021,59.82,59.88,59.82,59.83,1191
09/09/2021,59.84,59.98,59.84,59.95,573
10/09/2021,59.94,59.96,59.9,59.9,2370
13/09/2021,59.83,59.94,59.83,59.92,2186
14/09/2021,59.91,59.95,59.86,59.95,3169
15/09/2021,59.92,59.99,59.88,59.92,8228
16/09/2021,59.87,59.93,59.86,59.89,1797
17/09/2021,59.74,59.88,59.74,59.81,2640
20/09/2021,59.83,59.9,59.82,59.86,55820
21/09/2021,59.84,59.94,59.84,59.88,3210
22/09/2021,59.86,59.9,59.84,59.88,9181
23/09/2021,59.81,59.86,59.7,59.73,5869
24/09/2021,59.79,59.79,59.62,59.66,3914
27/09/2021,59.68,59.7,59.6,59.67,3583
28/09/2021,59.66,59.66,59.53,59.58,3350
29/09/2021,59.61,59.69,59.6,59.64,1165
30/09/2021,59.6,59.68,59.57,59.62,2763
01/10/2021,59.56,59.73,59.56,59.66,4715
04/10/2021,59.68,59.68,59.61,59.64,2305
05/10/2021,59.64,59.71,59.55,59.55,8633
06/10/2021,59.52,59.57,59.45,59.5,1784
07/10/2021,59.48,59.58,59.48,59.54,17680
08/10/2021,59.55,59.55,59.41,59.43,1895
11/10/2021,59.42,59.42,59.28,59.32,5507
12/10/2021,59.31,59.31,59.19,59.19,925
13/10/2021,59.19,59.29,59.19,59.26,3832
14/10/2021,59.25,59.49,59.25,59.47,2660
15/10/2021,59.33,59.48,59.33,59.42,5337
18/10/2021,59.35,59.35,59.25,59.31,15052
19/10/2021,59.34,59.34,59.2,59.24,7633
20/10/2021,59.19,59.34,59.19,59.31,6404
21/10/2021,59.28,59.34,59.19,59.19,1397
22/10/2021,59.08,59.26,59.08,59.22,45249
25/10/2021,59.36,59.36,59.22,59.28,1326
26/10/2021,59.29,59.37,59.29,59.31,2641
27/10/2021,59.3,59.44,59.3,59.4,14650
28/10/2021,59.37,59.4,59.21,59.34,1177
29/10/2021,59.32,59.32,59.1,59.17,7696
01/11/2021,59.22,59.22,59.13,59.18,949
02/11/2021,59.27,59.39,59.26,59.35,2525
03/11/2021,59.39,59.46,59.34,59.36,4976
04/11/2021,59.38,59.61,59.38,59.57,4126
05/11/2021,59.46,59.7,59.46,59.69,1702
08/11/2021,59.69,59.71,59.63,59.63,60584
09/11/2021,59.73,59.74,59.65,59.74,3802
10/11/2021,59.71,59.75,59.58,59.58,8142
11/11/2021,59.56,59.63,59.48,59.5,39175
12/11/2021,59.4,59.56,59.4,59.56,1617
15/11/2021,59.54,59.59,59.44,59.48,32191
16/11/2021,59.39,59.44,59.36,59.43,2397
17/11/2021,59.38,59.38,59.27,59.3,2242
18/11/2021,59.37,59.48,59.37,59.46,7688
19/11/2021,59.49,59.67,59.49,59.67,13311
22/11/2021,59.61,59.69,59.5,59.51,6353
23/11/2021,59.48,59.48,59.31,59.31,4942
24/11/2021,59.36,59.36,59.19,59.25,31929
25/11/2021,59.24,59.29,59.2,59.21,1417
26/11/2021,59.08,59.18,59.05,59.17,14225
29/11/2021,59.06,59.29,59.06,59.29,23068
30/11/2021,59.14,59.37,59.14,59.26,6758
01/12/2021,59.39,59.41,59.23,59.41,7822
02/12/2021,59.39,59.7,59.37,59.53,5172
03/12/2021,59.45,59.59,59.45,59.53,15655
06/12/2021,59.52,59.62,59.52,59.59,21518
07/12/2021,59.53,59.68,59.53,59.68,3553
08/12/2021,59.69,59.74,59.49,59.49,2128
09/12/2021,59.52,59.61,59.52,59.57,3626
10/12/2021,59.43,59.61,59.43,59.58,864
13/12/2021,59.47,59.65,59.47,59.65,2498
14/12/2021,59.64,59.66,59.59,59.61,4101
15/12/2021,59.61,59.64,59.57,59.6,2202
16/12/2021,59.62,59.67,59.57,59.62,33408
17/12/2021,59.55,59.72,59.55,59.72,3187
20/12/2021,59.69,59.72,59.64,59.64,2004
21/12/2021,59.67,59.69,59.55,59.55,4884
22/12/2021,59.57,59.57,59.46,59.51,6000
23/12/2021,59.4,59.52,59.4,59.44,9779
27/12/2021,59.4,59.46,59.38,59.42,11345
28/12/2021,59.41,59.45,59.35,59.43,2401
29/12/2021,59.37,59.39,59.34,59.36,4408
30/12/2021,59.23,59.37,59.23,59.34,14212
03/01/2022,59.24,59.29,59.15,59.15,3939
04/01/2022,59.17,59.21,59.14,59.16,3238
05/01/2022,59.17,59.19,59.13,59.15,3405
06/01/2022,59.08,59.08,59,59.03,2083
07/01/2022,58.93,59.06,58.93,58.99,2908
10/01/2022,58.97,58.97,58.9,58.9,2384
11/01/2022,58.88,58.92,58.83,58.83,57492
12/01/2022,58.85,58.93,58.83,58.9,1860
13/01/2022,58.9,58.94,58.82,58.9,4101
14/01/2022,58.87,58.92,58.78,58.78,3484
17/01/2022,58.88,58.88,58.71,58.72,20330
18/01/2022,58.69,58.71,58.57,58.71,2790
19/01/2022,58.56,58.72,58.54,58.72,1111
20/01/2022,58.7,58.82,58.7,58.77,3820
21/01/2022,58.72,58.87,58.72,58.84,21094
24/01/2022,58.76,58.93,58.76,58.81,3371
25/01/2022,58.79,58.8,58.72,58.72,2355
26/01/2022,58.75,58.84,58.74,58.82,10124
27/01/2022,58.58,58.69,58.58,58.65,2002
28/01/2022,58.5,58.58,58.44,58.5,4416
31/01/2022,58.47,58.48,58.25,58.34,6722
01/02/2022,58.08,58.25,58.08,58.11,1707
02/02/2022,58.17,58.2,58.04,58.1,5121
03/02/2022,58.05,58.08,57.53,57.53,4919
04/02/2022,57.24,57.32,56.95,57.19,40106
07/02/2022,57.11,57.11,56.53,56.97,71396
08/02/2022,56.86,57.14,56.86,56.98,3242
09/02/2022,57.12,57.19,57.11,57.17,3108
10/02/2022,57.13,57.21,56.89,56.89,2437
11/02/2022,56.77,56.99,56.77,56.84,9915
14/02/2022,56.85,56.97,56.76,56.76,4857
15/02/2022,56.9,56.98,56.76,56.79,4020
16/02/2022,56.86,56.92,56.74,56.88,2724
17/02/2022,56.89,56.92,56.86,56.92,12032
18/02/2022,56.93,56.99,56.91,56.96,2255
21/02/2022,56.92,56.93,56.86,56.9,3384
22/02/2022,56.87,56.88,56.59,56.71,3336
23/02/2022,56.64,56.77,56.64,56.64,7998
24/02/2022,56.52,56.56,56.27,56.51,4211
25/02/2022,56.46,56.79,56.46,56.62,4185
28/02/2022,56.58,56.78,56.43,56.78,14112
01/03/2022,56.91,57.44,56.9,57.33,6810
02/03/2022,57.3,57.3,56.96,57.09,35093
03/03/2022,57.17,57.27,57,57.09,8426
04/03/2022,56.98,57.25,56.98,57.1,3965
07/03/2022,56.99,57.11,56.64,56.69,2841
08/03/2022,56.61,56.78,56.41,56.44,6418
09/03/2022,56.54,56.56,56.48,56.53,630
10/03/2022,56.41,56.67,56.11,56.14,2774
11/03/2022,55.87,56.25,55.87,56.2,1241
14/03/2022,56.12,56.12,55.95,55.96,18238
15/03/2022,56.01,56.06,55.95,56.04,5370
16/03/2022,55.98,56.18,55.98,56.05,6302
17/03/2022,56.03,56.24,56.03,56.17,1690
18/03/2022,56.2,56.32,56.2,56.21,1879
21/03/2022,56.15,56.23,56.05,56.05,1332
22/03/2022,55.97,55.97,55.84,55.97,1917
23/03/2022,55.97,56.07,55.94,56.01,11993
24/03/2022,56.04,56.04,55.84,55.96,3230
25/03/2022,55.93,56.03,55.83,55.83,2217
28/03/2022,55.75,55.9,55.69,55.84,1939
29/03/2022,55.79,56.03,55.73,55.93,7761
30/03/2022,55.79,55.9,55.65,55.72,2332
31/03/2022,55.8,56.05,55.8,55.95,29395
01/04/2022,55.75,56.09,55.75,55.99,4487
04/04/2022,56.04,56.21,56.04,56.11,3629
05/04/2022,55.95,56.06,55.79,55.81,3659
06/04/2022,55.72,55.76,55.61,55.68,2865
07/04/2022,55.65,55.81,55.52,55.6,2039
08/04/2022,55.5,55.77,55.46,55.5,6794
11/04/2022,55.55,55.55,55.16,55.17,1203
12/04/2022,55.13,55.31,55.01,55.25,3246
13/04/2022,55.08,55.24,55.08,55.23,2222
14/04/2022,55.05,55.34,55.05,55.2,2549
19/04/2022,55.16,55.17,54.88,54.99,7006
20/04/2022,54.94,55.11,54.94,55.06,7055
21/04/2022,54.9,55.03,54.82,54.82,9140
22/04/2022,54.84,54.84,54.59,54.59,3900
25/04/2022,54.72,54.82,54.57,54.82,1281
26/04/2022,54.74,54.89,54.74,54.8,2116
27/04/2022,54.71,54.77,54.65,54.66,3692
28/04/2022,54.64,54.86,54.52,54.53,7149
29/04/2022,54.44,54.64,54.34,54.35,1671
02/05/2022,54.29,54.45,54.27,54.28,2825
03/05/2022,54.22,54.4,54.13,54.33,3684
04/05/2022,54.17,54.24,54.11,54.11,6398
05/05/2022,54.46,54.46,53.92,53.94,964
06/05/2022,53.82,53.93,53.57,53.57,2338
09/05/2022,53.55,53.56,53.3,53.56,2235
10/05/2022,53.39,53.92,53.39,53.87,7432
11/05/2022,53.86,54.11,53.56,53.96,1450
12/05/2022,54.07,54.28,53.98,54.22,10524
13/05/2022,54.1,54.33,54.1,54.19,996
16/05/2022,54.34,54.49,53.95,54.22,69970
17/05/2022,53.96,54.19,53.96,53.97,6596
18/05/2022,53.97,53.97,53.8,53.92,3200
19/05/2022,53.78,53.99,53.78,53.99,1139
20/05/2022,53.89,53.95,53.85,53.95,500
23/05/2022,54.05,54.05,53.77,53.8,6250
24/05/2022,53.72,53.89,53.72,53.89,1740
25/05/2022,53.89,54.01,53.87,53.98,11717
26/05/2022,54.09,54.18,54.06,54.06,522
27/05/2022,53.94,54.21,53.94,54.18,1140
30/05/2022,54.07,54.07,53.98,54.03,263
31/05/2022,53.97,53.97,53.7,53.72,1263
01/06/2022,53.64,53.81,53.64,53.65,5939
02/06/2022,53.63,53.63,53.5,53.51,1201
03/06/2022,53.58,53.58,53.39,53.41,3029
06/06/2022,53.44,53.51,53.35,53.35,1046
07/06/2022,53.33,53.44,53.33,53.38,6634
08/06/2022,53.33,53.33,53.1,53.16,2339
09/06/2022,53.12,53.15,52.62,52.69,11806
10/06/2022,52.5,52.66,52.15,52.21,5439
13/06/2022,51.86,51.91,51.48,51.54,13670
14/06/2022,51.67,51.67,51.15,51.15,4090
15/06/2022,51.4,51.84,51.3,51.62,5960
16/06/2022,51.63,51.7,50.91,51.26,3565
17/06/2022,51.12,51.49,51.12,51.36,5683
20/06/2022,51.54,51.54,51.27,51.27,3839
21/06/2022,51.31,51.44,51.23,51.31,9988
22/06/2022,51.45,51.59,51.34,51.56,2383
23/06/2022,51.49,52.01,51.49,51.91,3954
24/06/2022,51.87,51.99,51.77,51.96,2355
27/06/2022,51.92,51.93,51.69,51.69,4338
28/06/2022,51.63,51.63,51.38,51.38,1155
29/06/2022,51.38,51.41,51.25,51.4,1403
30/06/2022,51.51,51.75,51.51,51.75,1097
01/07/2022,51.65,52.41,51.65,52.28,24385
04/07/2022,52.12,52.12,51.94,52.04,10363
05/07/2022,52.13,52.36,52.13,52.36,6670
06/07/2022,52.35,52.79,52.35,52.66,16156
07/07/2022,52.58,52.66,52.51,52.57,2005
08/07/2022,52.55,52.83,52.55,52.63,3173
11/07/2022,52.68,52.9,52.68,52.84,4186
12/07/2022,52.91,53.15,52.91,53.12,7625
13/07/2022,53.04,53.06,52.78,52.96,20845
14/07/2022,52.93,52.93,52.65,52.74,4602
15/07/2022,52.86,53.02,52.8,53.02,1218
18/07/2022,52.95,53.02,52.82,52.9,1192
19/07/2022,52.93,52.93,52.7,52.93,1248
20/07/2022,53.03,53.35,53.03,53.12,931
21/07/2022,52.99,53.2,52.91,53.15,5276
22/07/2022,53.13,53.93,53.13,53.93,2501
25/07/2022,53.87,54.03,53.83,54.01,4724
26/07/2022,54.01,54.01,53.8,53.8,39431
27/07/2022,53.78,53.97,53.66,53.92,3690
28/07/2022,53.82,54.43,53.82,54.42,15461
29/07/2022,54.2,54.5,54.2,54.5,981
01/08/2022,54.46,54.61,54.4,54.61,1794
02/08/2022,54.37,54.47,54.15,54.21,1006
03/08/2022,54.13,54.13,53.92,54.05,6018
04/08/2022,54.07,54.22,53.98,54.12,2242
05/08/2022,54,54.18,53.71,53.71,1149
08/08/2022,53.87,54.02,53.85,53.92,889
09/08/2022,53.95,53.95,53.68,53.77,780
10/08/2022,53.72,54.01,53.71,54.01,1516
11/08/2022,54.11,54.11,53.89,53.89,398
12/08/2022,53.84,53.9,53.79,53.9,680
15/08/2022,53.81,54.12,53.81,54.1,10964
16/08/2022,54.01,54.05,53.72,53.76,3377
17/08/2022,53.62,53.62,53.24,53.3,4159
18/08/2022,53.03,53.29,53.03,53.23,1216
19/08/2022,53.07,53.07,52.79,52.8,4403
22/08/2022,52.85,52.85,52.42,52.42,3496
23/08/2022,52.46,52.5,52.3,52.45,6220
24/08/2022,52.39,52.41,52.28,52.39,1374
25/08/2022,52.47,52.64,52.47,52.64,22178
26/08/2022,52.61,52.61,52.24,52.24,6942
29/08/2022,51.85,51.94,51.71,51.94,795
30/08/2022,51.93,52.11,51.81,51.81,1037
31/08/2022,52.01,52.01,51.46,51.58,2647
01/09/2022,51.41,51.55,51.3,51.55,1290
02/09/2022,51.64,52.02,51.51,51.9,10425
05/09/2022,51.9,51.9,51.5,51.62,1621
06/09/2022,51.92,52.07,51.52,51.57,6984
07/09/2022,51.59,51.78,51.59,51.7,1055
08/09/2022,51.8,51.8,51.45,51.45,3295
09/09/2022,51.27,51.81,51.27,51.58,6518
12/09/2022,51.54,51.83,51.54,51.77,2806
13/09/2022,51.68,51.81,51.32,51.43,3904
14/09/2022,51.46,51.56,51.26,51.49,2212
15/09/2022,51.37,51.42,51.25,51.28,2198
16/09/2022,51.04,51.14,51,51.12,472
19/09/2022,51.23,51.23,51.02,51.11,1691
20/09/2022,51.04,51.04,50.68,50.72,1560
21/09/2022,50.8,50.93,50.76,50.79,2481
22/09/2022,50.53,50.82,50.53,50.55,6972
23/09/2022,50.46,50.51,50.13,50.35,826
26/09/2022,50,50.18,49.95,50.11,5101
27/09/2022,50.04,50.27,49.78,49.78,2800
28/09/2022,49.6,49.92,49.3,49.92,2063
29/09/2022,49.77,49.77,49.49,49.72,2661
30/09/2022,49.94,50.11,49.87,50.1,1125
03/10/2022,49.96,50.48,49.94,50.48,129
04/10/2022,50.86,51.18,50.76,50.8,63545
05/10/2022,50.69,50.69,50.26,50.26,253
06/10/2022,50.26,50.35,50.15,50.15,917
07/10/2022,49.93,50.01,49.8,49.8,3229
10/10/2022,49.74,49.97,49.5,49.5,15618
11/10/2022,49.51,49.63,49.43,49.58,5419
12/10/2022,49.54,49.54,49.37,49.41,4501
13/10/2022,49.42,49.71,49.4,49.44,17668
14/10/2022,49.74,49.81,49.34,49.34,26299
17/10/2022,49.57,49.79,49.57,49.63,4054
18/10/2022,49.77,49.81,49.58,49.67,3959
19/10/2022,49.64,49.68,49.45,49.45,10399
20/10/2022,49.27,49.45,49.27,49.44,543
21/10/2022,49.18,49.41,49.02,49.37,11156
24/10/2022,49.7,49.71,49.62,49.66,5073
25/10/2022,49.81,49.99,49.69,49.97,3592
26/10/2022,50,50.09,49.86,50.09,5450
27/10/2022,50.04,50.51,49.88,50.46,2905
28/10/2022,50.16,50.3,50.04,50.23,5708
31/10/2022,50.03,50.2,49.82,49.82,4034
01/11/2022,50.07,50.37,50.07,50.15,2398
02/11/2022,50.22,50.27,50.17,50.21,2033
03/11/2022,49.9,50.42,49.83,50.09,57576
04/11/2022,49.93,50.2,49.93,50.1,3524
07/11/2022,50.1,50.21,49.99,50.06,2621
08/11/2022,50,50.2,50,50.16,57914
09/11/2022,50.27,50.33,50.07,50.27,5432
10/11/2022,50.26,51.02,50.17,51.02,3335
11/11/2022,50.71,51.05,50.71,50.82,3050
14/11/2022,50.85,50.99,50.77,50.77,3348
15/11/2022,50.88,50.96,50.8,50.96,12219
16/11/2022,50.92,51.1,50.92,51.06,11795
17/11/2022,51.16,51.16,50.9,50.95,15784
18/11/2022,51.02,51.13,50.9,51.13,3366
21/11/2022,51.09,51.19,51.03,51.19,1204
22/11/2022,51.24,51.3,51.16,51.29,5632
23/11/2022,51.24,51.42,51.24,51.42,3147
24/11/2022,51.54,51.78,51.54,51.67,10718
25/11/2022,51.6,51.6,51.36,51.36,4540
28/11/2022,51.53,51.53,51.25,51.35,1911
29/11/2022,51.57,51.68,51.49,51.49,2922
30/11/2022,51.3,51.53,51.3,51.49,4672
01/12/2022,51.85,52.04,51.82,52,4817
02/12/2022,52.08,52.45,51.85,51.89,1258
05/12/2022,51.93,52.42,51.73,51.99,115101
06/12/2022,51.9,52.06,51.9,51.99,7203
07/12/2022,52.07,52.13,51.97,51.99,12056
08/12/2022,51.99,52.14,51.92,51.98,13140
09/12/2022,51.97,51.97,51.73,51.76,5177
12/12/2022,51.71,51.78,51.69,51.74,2341
13/12/2022,51.7,52.07,51.7,52.02,1341
14/12/2022,52.07,52.07,51.73,51.93,970
15/12/2022,51.82,52,51.31,51.31,6666
16/12/2022,51.04,51.1,50.87,51.09,1799
19/12/2022,51.19,51.19,51.01,51.09,781
20/12/2022,50.84,50.97,50.83,50.89,4525
21/12/2022,50.93,51.07,50.93,51.03,3189
22/12/2022,51.02,51.08,50.83,50.88,2513
23/12/2022,50.78,50.93,50.72,50.77,1205
27/12/2022,50.75,50.75,50.57,50.61,1446
28/12/2022,50.61,50.76,50.61,50.63,1877
29/12/2022,50.7,50.87,50.7,50.8,6650
30/12/2022,50.75,50.9,50.66,50.75,3435
02/01/2023,50.73,51.04,50.73,50.95,4524
03/01/2023,50.87,51.14,50.87,50.99,2433
04/01/2023,51.17,51.25,51.11,51.17,4315
05/01/2023,51.15,51.17,50.96,50.96,9434
06/01/2023,51.11,51.44,50.98,51.36,8073
09/01/2023,51.3,51.32,51.2,51.32,875
10/01/2023,51.2,51.24,51.11,51.11,4482
11/01/2023,51.25,51.42,51.25,51.39,1747
12/01/2023,51.5,51.77,51.44,51.6,8958
13/01/2023,51.26,51.82,51.26,51.62,22001
16/01/2023,51.63,51.71,51.32,51.64,74272
17/01/2023,51.69,52.05,51.55,51.95,7293
18/01/2023,51.96,52.24,51.91,52.14,6141
19/01/2023,51.96,52.06,51.83,51.87,7333
20/01/2023,51.65,51.8,51.65,51.68,1806
23/01/2023,51.69,51.73,51.65,51.71,1735
24/01/2023,51.69,51.79,51.68,51.79,2947
25/01/2023,51.73,51.96,51.73,51.84,1910
26/01/2023,51.9,51.9,51.81,51.81,3621
27/01/2023,51.64,51.78,51.64,51.74,4744
30/01/2023,51.71,51.71,51.48,51.51,9848
31/01/2023,51.57,51.62,51.47,51.58,8938
01/02/2023,51.15,51.36,51.06,51.15,52891
02/02/2023,51.36,52,51.27,51.96,6206
03/02/2023,51.71,51.75,51.28,51.68,94903
06/02/2023,51.6,51.6,51.38,51.4,3304
07/02/2023,51.4,51.52,51.21,51.34,39076
08/02/2023,51.29,51.29,51.16,51.23,7659
09/02/2023,51.37,51.51,51.33,51.33,30356
10/02/2023,51.2,51.23,51.08,51.1,2543
13/02/2023,51.05,51.17,51.03,51.06,2995
14/02/2023,51.18,51.18,50.89,50.89,13657
15/02/2023,50.94,51.02,50.86,50.86,1265
16/02/2023,50.85,50.97,50.82,50.9,1157
17/02/2023,50.61,50.91,50.61,50.91,2669
20/02/2023,50.95,50.98,50.88,50.89,2509
21/02/2023,50.81,50.81,50.59,50.59,1117
22/02/2023,50.63,50.63,50.49,50.63,2890
23/02/2023,50.6,50.79,50.55,50.79,450
24/02/2023,50.76,50.8,50.48,50.48,152
27/02/2023,50.58,50.58,50.4,50.44,2122
28/02/2023,50.14,50.35,50.14,50.27,7517
01/03/2023,50.1,50.25,50.07,50.07,3602
02/03/2023,49.94,50.19,49.94,50.11,496
03/03/2023,50.06,50.25,50.04,50.04,27555
06/03/2023,50.04,50.33,50.04,50.11,2677
07/03/2023,50.15,50.29,50.1,50.14,4859
08/03/2023,50.07,50.27,50.07,50.22,2582
09/03/2023,50.13,50.33,50.08,50.28,1394
10/03/2023,50.41,50.6,50.36,50.45,12666
13/03/2023,50.63,50.97,50.63,50.66,2479
14/03/2023,50.83,50.83,50.33,50.4,892
15/03/2023,50.28,50.77,50.08,50.77,3331
16/03/2023,50.7,50.82,50.41,50.52,11454
17/03/2023,50.49,50.64,50.31,50.4,11420
20/03/2023,50.75,50.98,50.24,50.76,78538
21/03/2023,50.73,51,50.72,50.82,4219
22/03/2023,50.68,50.77,50.6,50.69,5989
23/03/2023,50.85,50.94,50.64,50.94,1782
24/03/2023,50.95,51.1,50.93,50.94,2580
27/03/2023,50.84,50.9,50.7,50.78,2403
28/03/2023,50.66,50.69,50.61,50.69,12081
29/03/2023,50.73,50.75,50.71,50.74,1756
30/03/2023,51.09,51.09,50.59,50.71,13662
31/03/2023,50.74,50.97,50.6,50.97,12542
03/04/2023,50.99,51.18,50.93,51.11,785
04/04/2023,51.08,51.13,50.96,51.11,1823
05/04/2023,51.06,51.38,50.98,51.29,3001
06/04/2023,51.25,51.42,51.25,51.3,8853
11/04/2023,51.13,51.17,51,51.01,8292
12/04/2023,51.04,51.16,50.94,50.96,3604
13/04/2023,51.09,51.12,50.94,51.02,3691
14/04/2023,50.9,51.12,50.9,50.94,2684
17/04/2023,50.95,51.01,50.85,50.92,9419
18/04/2023,50.89,51.04,50.89,50.96,4018
19/04/2023,50.91,50.91,50.78,50.83,5291
20/04/2023,50.9,50.98,50.85,50.97,474
21/04/2023,50.97,51,50.82,50.89,2138
24/04/2023,50.89,50.9,50.83,50.83,1224
25/04/2023,50.88,51.02,50.84,51,3848
26/04/2023,51.08,51.08,50.93,50.93,15259
27/04/2023,50.89,50.99,50.77,50.86,834
28/04/2023,50.77,51.21,50.77,51.21,1840
02/05/2023,51.06,51.26,50.95,51.25,2348
03/05/2023,51.29,51.33,51.21,51.23,1092
04/05/2023,51.2,51.39,51.05,51.38,7569
05/05/2023,51.18,51.3,51.17,51.24,3977
08/05/2023,51.23,51.29,51.18,51.23,987
09/05/2023,51.27,51.27,51.05,51.13,1380
10/05/2023,51.08,51.27,51.08,51.25,6611
11/05/2023,51.32,51.49,51.3,51.38,7579
12/05/2023,51.2,51.35,51.2,51.23,1666
15/05/2023,51.19,51.22,51.14,51.15,10005
16/05/2023,51.24,51.24,50.97,50.98,8816
17/05/2023,50.96,51.03,50.93,50.93,3134
18/05/2023,50.86,50.88,50.77,50.77,241
19/05/2023,50.83,50.98,50.8,50.98,3762
22/05/2023,50.93,50.93,50.84,50.84,10
23/05/2023,50.81,50.87,50.77,50.86,9372
24/05/2023,50.75,50.88,50.75,50.83,6025
25/05/2023,50.8,50.87,50.76,50.78,7734
26/05/2023,50.7,50.84,50.7,50.78,1402
29/05/2023,50.78,50.99,50.78,50.96,201
30/05/2023,51.04,51.14,51.04,51.14,2220
31/05/2023,51.19,51.35,51.18,51.25,3049
01/06/2023,51.26,51.38,51.25,51.38,3237
02/06/2023,51.36,51.39,51.26,51.26,6868
05/06/2023,51.13,51.15,51.08,51.1,27790
06/06/2023,51.09,51.31,51.09,51.2,2714
07/06/2023,51.22,51.22,51.03,51.03,1526
08/06/2023,51.01,51.11,50.98,51.1,2536
09/06/2023,51.13,51.23,51.1,51.2,9495
12/06/2023,51.27,51.32,51.22,51.28,8648
13/06/2023,51.26,51.29,51.12,51.12,341
14/06/2023,51.06,51.15,51.06,51.11,5130
15/06/2023,51,51.07,50.92,50.93,6470
16/06/2023,50.9,51.05,50.9,51.04,5721
19/06/2023,51.09,51.11,50.93,50.93,1857
20/06/2023,50.98,51.12,50.98,51.12,5391
21/06/2023,51.06,51.07,50.99,50.99,2384
22/06/2023,50.99,51,50.86,50.86,4491
23/06/2023,50.89,51.15,50.89,51.12,4355
26/06/2023,51.11,51.22,51.11,51.21,16301
27/06/2023,51.18,51.18,51.04,51.04,3608
28/06/2023,51.1,51.19,51.03,51.19,27714
29/06/2023,51.1,51.16,51,51,2383
30/06/2023,50.99,51.13,50.96,51.13,1471
03/07/2023,51.18,51.2,51.03,51.09,7769
04/07/2023,51.04,51.13,51,51.08,2278
05/07/2023,51.07,51.16,51.03,51.03,1966
06/07/2023,50.94,50.94,50.65,50.65,3006
07/07/2023,50.77,50.8,50.61,50.78,7323
10/07/2023,50.73,50.81,50.73,50.77,31199
11/07/2023,50.83,50.86,50.81,50.83,7601
12/07/2023,50.91,51.15,50.86,51.15,3285
13/07/2023,51.24,51.42,51.24,51.36,66678
14/07/2023,51.3,51.38,51.26,51.3,9699
17/07/2023,51.25,51.31,51.25,51.28,1403
18/07/2023,51.43,51.58,51.43,51.54,955
19/07/2023,51.73,51.73,51.44,51.44,9406
20/07/2023,51.47,51.49,51.37,51.4,7854
21/07/2023,51.37,51.46,51.34,51.45,10605
24/07/2023,51.4,51.58,51.4,51.53,1775
25/07/2023,51.46,51.55,51.44,51.54,2262
26/07/2023,51.47,51.47,51.35,51.35,2615
27/07/2023,51.45,51.7,51.45,51.55,11773
28/07/2023,51.41,51.56,51.4,51.55,2544
31/07/2023,51.35,51.57,51.35,51.53,891
01/08/2023,50.84,50.96,50.78,50.78,6672
02/08/2023,50.8,50.92,50.8,50.83,8883
03/08/2023,50.85,50.85,50.73,50.79,2408
04/08/2023,50.59,50.85,50.59,50.85,3527
07/08/2023,50.91,50.91,50.74,50.84,4710
08/08/2023,50.93,51.06,50.93,50.99,1840
09/08/2023,51.01,51.03,50.92,50.92,3111
10/08/2023,50.98,50.98,50.88,50.9,6847
11/08/2023,50.85,50.85,50.67,50.67,1671
14/08/2023,50.64,50.75,50.64,50.66,1219
15/08/2023,50.57,50.57,50.43,50.55,733
16/08/2023,50.56,50.62,50.56,50.6,10450
17/08/2023,50.47,50.52,50.43,50.43,2643
18/08/2023,50.59,50.63,50.56,50.58,8307
21/08/2023,50.57,50.61,50.41,50.41,20120
22/08/2023,50.44,50.54,50.44,50.52,5705
23/08/2023,50.64,50.84,50.61,50.81,26760
24/08/2023,50.96,50.96,50.8,50.85,5928
25/08/2023,50.68,50.81,50.68,50.74,3071
28/08/2023,50.77,50.82,50.72,50.78,1500
29/08/2023,50.83,50.88,50.67,50.88,1770
30/08/2023,50.63,50.78,50.63,50.78,6217
31/08/2023,50.88,50.96,50.8,50.95,3205
01/09/2023,50.9,50.96,50.83,50.83,108
04/09/2023,50.8,50.83,50.73,50.74,1062
05/09/2023,50.71,50.76,50.71,50.73,1229
06/09/2023,50.67,50.71,50.57,50.57,2819
07/09/2023,50.59,50.68,50.59,50.68,1892
08/09/2023,50.79,50.83,50.69,50.78,5397
11/09/2023,50.75,50.79,50.72,50.75,8067
12/09/2023,50.75,50.79,50.7,50.7,5856
13/09/2023,50.64,50.73,50.6,50.68,1610
14/09/2023,50.74,50.89,50.66,50.89,865
15/09/2023,50.9,50.9,50.73,50.75,714
18/09/2023,50.71,50.8,50.64,50.64,19444
19/09/2023,50.74,50.74,50.6,50.61,1547
20/09/2023,50.64,50.74,50.64,50.74,1412
21/09/2023,50.6,50.62,50.52,50.6,3194
22/09/2023,50.59,50.61,50.58,50.61,3163
25/09/2023,50.62,50.62,50.51,50.56,2475
26/09/2023,50.46,50.54,50.46,50.48,19033
27/09/2023,50.5,50.51,50.38,50.38,10
28/09/2023,50.33,50.33,50.11,50.17,3738
29/09/2023,50.36,50.54,50.36,50.49,1321
02/10/2023,50.44,50.44,50.35,50.35,1428
03/10/2023,50.34,50.41,50.22,50.22,2991
04/10/2023,50.12,50.24,50.07,50.19,1146
05/10/2023,50.22,50.31,50.21,50.29,454
06/10/2023,50.29,50.32,50.22,50.31,6473
09/10/2023,50.38,50.5,50.29,50.5,5577
10/10/2023,50.54,50.58,50.49,50.58,3338
11/10/2023,50.55,50.68,50.55,50.65,888
12/10/2023,50.69,50.69,50.51,50.51,5620
13/10/2023,50.51,50.66,50.51,50.59,4524
16/10/2023,50.5,50.54,50.47,50.5,2220
17/10/2023,50.49,50.51,50.31,50.31,2949
18/10/2023,50.26,50.31,50.19,50.23,14621
19/10/2023,50.16,50.23,50.12,50.16,5103
20/10/2023,50.16,50.25,50.12,50.24,1465
23/10/2023,50.21,50.33,50.14,50.33,3071
24/10/2023,50.45,50.52,50.45,50.48,1186
25/10/2023,50.5,50.5,50.4,50.4,11416
26/10/2023,50.31,50.5,50.26,50.5,22258
27/10/2023,50.44,50.57,50.44,50.53,5697
30/10/2023,50.71,50.71,50.56,50.61,2853
31/10/2023,50.68,50.78,50.68,50.71,3808
01/11/2023,50.66,50.89,50.66,50.86,1394
02/11/2023,51,51.09,51,51.04,643
03/11/2023,51,51.27,51,51.19,4853
06/11/2023,51.13,51.13,50.97,50.98,684
07/11/2023,50.96,51.06,50.96,51.06,502
08/11/2023,51.11,51.17,51.07,51.17,56
09/11/2023,51.12,51.18,51.12,51.18,518
10/11/2023,51.1,51.1,50.98,51.02,5104
13/11/2023,51.04,51.09,50.99,51.04,746
14/11/2023,51.07,51.44,51.06,51.43,17735
15/11/2023,51.46,51.49,51.35,51.36,3660
16/11/2023,51.43,51.49,51.35,51.46,6797
17/11/2023,51.42,51.54,51.42,51.43,9188
20/11/2023,51.41,51.48,51.24,51.37,4293
21/11/2023,51.5,51.5,51.39,51.46,3095
22/11/2023,51.43,51.53,51.42,51.47,1175
23/11/2023,51.45,51.47,51.35,51.38,2356
24/11/2023,51.34,51.38,51.31,51.34,3347
27/11/2023,51.37,51.53,51.34,51.53,748
28/11/2023,51.61,51.72,51.53,51.72,3163
29/11/2023,51.88,51.97,51.87,51.97,2782
30/11/2023,52.03,52.04,51.88,51.96,5708
01/12/2023,51.99,52.36,51.99,52.28,1232
04/12/2023,52.25,52.35,52.22,52.28,11311
05/12/2023,52.43,52.49,52.34,52.46,3535
06/12/2023,52.48,52.55,52.48,52.55,834
07/12/2023,52.51,52.61,52.51,52.56,3466
08/12/2023,52.55,52.55,52.37,52.37,3824
11/12/2023,52.43,52.46,52.37,52.4,27351
12/12/2023,52.55,52.55,52.47,52.48,100
13/12/2023,52.54,52.65,52.54,52.64,2920
14/12/2023,53.04,53.12,52.89,52.96,2544
15/12/2023,52.94,53.19,52.94,53.19,9276
18/12/2023,53.17,53.19,52.98,53.02,4803
19/12/2023,53.09,53.17,53.09,53.17,2181
20/12/2023,53.22,53.35,53.22,53.28,11432
21/12/2023,53.32,53.4,53.29,53.37,2032
22/12/2023,53.36,53.45,53.36,53.41,295
27/12/2023,53.42,53.55,53.42,53.53,1135
28/12/2023,53.55,53.55,53.48,53.51,200
29/12/2023,53.53,53.53,53.37,53.4,362
02/01/2024,53.3,53.3,53.15,53.19,1312
03/01/2024,53.15,53.15,53.01,53.13,3693
04/01/2024,53.22,53.25,52.87,52.93,2669
05/01/2024,52.85,52.87,52.73,52.84,1219
08/01/2024,52.77,52.93,52.68,52.93,11901
09/01/2024,52.85,52.87,52.78,52.82,668
10/01/2024,52.87,52.94,52.78,52.8,2879
11/01/2024,52.85,53,52.82,52.84,5238
12/01/2024,52.98,53.09,52.94,53.09,625
15/01/2024,52.97,53.01,52.9,52.94,6459
16/01/2024,52.96,53,52.9,52.92,25855
17/01/2024,52.7,52.83,52.66,52.66,3174
18/01/2024,52.7,52.8,52.7,52.73,3031
19/01/2024,52.74,52.82,52.68,52.75,9288
22/01/2024,52.84,52.91,52.83,52.88,4487
23/01/2024,52.86,52.87,52.78,52.78,248
24/01/2024,52.87,52.94,52.85,52.85,9367
25/01/2024,52.83,53.04,52.74,53.04,2376
26/01/2024,53.11,53.11,53.04,53.05,253
29/01/2024,53.18,53.21,53.17,53.2,1915
30/01/2024,53.21,53.21,53.09,53.1,573
31/01/2024,53.24,53.33,53.19,53.3,6331
01/02/2024,52.39,52.53,52.37,52.51,1227
02/02/2024,52.46,52.5,52.26,52.3,3116
05/02/2024,52.21,52.22,52.08,52.13,10170
06/02/2024,52.23,52.27,52.13,52.2,1598
07/02/2024,52.23,52.26,52.07,52.07,2729
08/02/2024,52.13,52.16,52.01,52.02,2469
09/02/2024,51.96,52.05,51.96,51.98,1575
12/02/2024,52.09,52.1,52.04,52.07,16894
13/02/2024,52.08,52.12,51.91,51.97,1247
14/02/2024,52.04,52.1,52.02,52.1,16277
15/02/2024,52.21,52.22,52.13,52.13,1986
16/02/2024,52.06,52.12,52,52.03,2196
19/02/2024,52.03,52.09,52.01,52.05,16449
20/02/2024,52.09,52.18,52.09,52.15,452
21/02/2024,52.1,52.14,52.02,52.02,1384
22/02/2024,52.02,52.13,52.02,52.08,3211
23/02/2024,52.05,52.21,52.01,52.21,677
26/02/2024,52.23,52.23,52.06,52.06,4209
27/02/2024,52.1,52.1,51.98,51.98,14512
28/02/2024,51.96,52.01,51.94,51.94,1706
29/02/2024,51.95,52.09,51.81,52.09,2202
01/03/2024,51.99,52.14,51.99,52.07,5123
04/03/2024,52.1,52.14,52.06,52.14,5326
05/03/2024,52.2,52.3,52.16,52.25,1053
06/03/2024,52.25,52.27,52.19,52.25,1516
07/03/2024,52.25,52.43,52.25,52.41,977
08/03/2024,52.53,52.57,52.39,52.57,5476
11/03/2024,52.56,52.56,52.45,52.48,2309
12/03/2024,52.49,52.64,52.45,52.49,2789
13/03/2024,52.54,52.57,52.5,52.5,1266
14/03/2024,52.53,52.53,52.33,52.38,3020
15/03/2024,52.3,52.38,52.27,52.29,2183
18/03/2024,52.26,52.3,52.26,52.26,1478
19/03/2024,52.29,52.34,52.29,52.31,620
20/03/2024,52.37,52.38,52.3,52.32,626
21/03/2024,52.39,52.53,52.28,52.48,572
22/03/2024,52.52,52.59,52.5,52.59,1124
25/03/2024,52.58,52.58,52.47,52.47,1864
26/03/2024,52.55,52.57,52.53,52.57,293
27/03/2024,52.63,52.71,52.59,52.71,1391
28/03/2024,52.65,52.78,52.65,52.75,5702
02/04/2024,52.73,52.75,52.55,52.61,2263
03/04/2024,52.65,52.71,52.59,52.67,4104
04/04/2024,52.67,52.82,52.67,52.78,3191
05/04/2024,52.86,52.86,52.66,52.75,5855
08/04/2024,52.7,52.7,52.62,52.66,375
09/04/2024,52.64,52.77,52.64,52.75,8118
10/04/2024,52.73,52.8,52.58,52.59,6653
11/04/2024,52.57,52.57,52.41,52.49,3197
12/04/2024,52.57,52.74,52.57,52.66,1570
15/04/2024,52.6,52.65,52.44,52.44,6265
16/04/2024,52.42,52.42,52.24,52.28,5998
17/04/2024,52.24,52.39,52.24,52.35,719
18/04/2024,52.43,52.46,52.36,52.36,984
19/04/2024,52.32,52.4,52.27,52.32,757
22/04/2024,52.32,52.44,52.29,52.44,3109
23/04/2024,52.47,52.52,52.4,52.46,2791
24/04/2024,52.42,52.42,52.19,52.24,10006
25/04/2024,52.2,52.29,52.1,52.15,3815
26/04/2024,52.21,52.36,52.21,52.29,13456
29/04/2024,52.36,52.42,52.36,52.41,749
30/04/2024,52.4,52.41,52.23,52.25,2902
02/05/2024,52.29,52.41,52.29,52.36,4180
03/05/2024,52.39,52.64,52.39,52.49,8677
06/05/2024,52.48,52.71,52.48,52.62,630
07/05/2024,52.71,52.71,52.55,52.71,346
08/05/2024,52.66,52.71,52.62,52.62,1097
09/05/2024,52.61,52.63,52.56,52.56,2518
10/05/2024,52.67,52.67,52.49,52.49,2556
13/05/2024,52.52,52.54,52.52,52.54,924
14/05/2024,52.53,52.53,52.42,52.42,1175
15/05/2024,52.49,52.79,52.49,52.74,5723
16/05/2024,52.72,52.81,52.68,52.68,7637
17/05/2024,52.69,52.69,52.53,52.53,2556
20/05/2024,52.35,52.59,52.35,52.54,263
21/05/2024,52.53,52.62,52.53,52.59,4380
22/05/2024,52.29,52.54,52.29,52.54,1157
23/05/2024,52.55,52.56,52.38,52.38,6243
24/05/2024,52.38,52.46,52.34,52.41,6894
27/05/2024,52.41,52.59,52.39,52.54,4810
28/05/2024,52.54,52.56,52.44,52.44,500
29/05/2024,52.38,52.45,52.28,52.29,2153
30/05/2024,52.42,52.42,52.32,52.37,964
31/05/2024,52.34,52.39,52.3,52.37,6484
03/06/2024,52.4,52.56,52.4,52.53,1611
04/06/2024,52.55,52.67,52.55,52.61,1202
05/06/2024,52.85,52.85,52.62,52.67,2672
06/06/2024,52.65,52.67,52.57,52.59,502
07/06/2024,52.54,52.56,52.37,52.41,11495
10/06/2024,52.37,52.37,52.28,52.31,2536
11/06/2024,52.34,52.44,52.28,52.41,2473
12/06/2024,52.47,52.7,52.45,52.68,1630
13/06/2024,52.64,52.7,52.56,52.69,3498
14/06/2024,52.8,52.9,52.75,52.75,5708
17/06/2024,52.74,52.75,52.59,52.63,908
18/06/2024,52.65,52.77,52.6,52.77,6458
19/06/2024,52.8,52.8,52.71,52.73,2028
20/06/2024,52.71,52.86,52.65,52.72,3268
21/06/2024,52.82,52.9,52.8,52.81,5832
24/06/2024,52.8,52.88,52.7,52.79,4270
25/06/2024,53.02,53.02,52.8,52.8,6845
26/06/2024,52.8,52.83,52.71,52.72,242
27/06/2024,52.72,52.79,52.69,52.75,846
28/06/2024,52.73,52.86,52.7,52.76,3673
01/07/2024,52.74,52.74,52.64,52.64,11368
02/07/2024,52.69,52.77,52.65,52.72,3895
03/07/2024,52.73,52.9,52.71,52.85,969
04/07/2024,53.05,53.05,52.83,52.83,997
05/07/2024,52.89,52.95,52.84,52.95,4256
08/07/2024,52.92,53.02,52.87,53,6538
09/07/2024,52.99,53,52.89,52.89,1461
10/07/2024,52.98,53.11,52.98,53,5650
11/07/2024,52.98,53.18,52.96,53.17,1581
12/07/2024,53.11,53.15,53.05,53.11,5335
15/07/2024,53.12,53.17,53.12,53.16,8388
16/07/2024,53.16,53.24,53.16,53.2,3925
17/07/2024,53.2,53.26,53.2,53.2,1110
18/07/2024,53.22,53.29,53.19,53.29,943
19/07/2024,53.24,53.28,53.18,53.18,108
22/07/2024,53.23,53.25,53.15,53.15,6398
23/07/2024,53.15,53.31,53.15,53.3,10549
24/07/2024,53.29,53.34,53.29,53.31,2995
25/07/2024,53.3,53.4,53.3,53.38,2205
26/07/2024,53.3,53.47,53.26,53.42,1168
29/07/2024,53.43,53.53,53.43,53.46,1530
30/07/2024,53.52,53.57,53.46,53.53,1939
31/07/2024,53.6,53.66,53.6,53.64,2719
01/08/2024,53.71,53.75,53.65,53.72,844
02/08/2024,52.91,52.93,52.78,52.78,1174
05/08/2024,53.04,53.04,52.64,52.66,4061
06/08/2024,52.7,52.86,52.7,52.86,2845
07/08/2024,52.8,52.8,52.65,52.7,2291
08/08/2024,52.74,52.76,52.71,52.76,3647
09/08/2024,52.76,52.84,52.76,52.81,10142
12/08/2024,52.75,52.78,52.74,52.78,5430
13/08/2024,52.81,52.86,52.79,52.84,1012
14/08/2024,52.86,52.94,52.81,52.9,13294
15/08/2024,52.91,52.91,52.79,52.79,742
16/08/2024,52.83,52.95,52.83,52.85,2195
19/08/2024,52.9,52.94,52.84,52.87,1139
20/08/2024,52.88,52.99,52.88,52.99,3431
21/08/2024,52.98,53.02,52.95,53.02,2596
22/08/2024,53.04,53.04,52.92,52.92,1035
23/08/2024,52.93,53.03,52.92,53.01,4640
26/08/2024,53.32,53.32,52.9,52.94,2657
27/08/2024,52.93,52.95,52.88,52.91,1472
28/08/2024,52.95,52.98,52.91,52.93,1376
29/08/2024,52.92,52.97,52.9,52.93,445
30/08/2024,52.99,52.99,52.89,52.89,4822
02/09/2024,52.96,52.96,52.79,52.83,1399
03/09/2024,52.88,52.99,52.84,52.93,190
04/09/2024,52.99,53.1,52.97,53.07,2057
05/09/2024,53.12,53.15,53.06,53.1,8072
06/09/2024,53.19,53.24,53.13,53.2,1844
09/09/2024,53.35,53.35,53.09,53.24,2388
10/09/2024,53.41,53.41,53.22,53.27,465
11/09/2024,53.32,53.32,53.18,53.18,5992
12/09/2024,53.24,53.31,53.15,53.17,8049
13/09/2024,53.28,53.35,53.23,53.29,3641
16/09/2024,53.26,53.36,53.26,53.34,975
17/09/2024,53.38,53.42,53.3,53.3,3364
18/09/2024,53.3,53.3,53.18,53.21,1682
19/09/2024,53.3,53.38,53.23,53.37,363
20/09/2024,53.37,53.41,53.26,53.28,476
23/09/2024,53.34,53.46,53.34,53.42,2088
24/09/2024,53.38,53.5,53.38,53.5,2367
25/09/2024,53.49,53.49,53.38,53.38,795
26/09/2024,53.46,53.54,53.42,53.45,612
27/09/2024,53.54,53.55,53.48,53.53,4271
30/09/2024,53.7,53.7,53.45,53.57,1432
01/10/2024,53.62,53.81,53.62,53.73,2361
02/10/2024,53.71,53.71,53.6,53.68,2162
03/10/2024,53.64,53.66,53.62,53.64,3191
04/10/2024,53.59,53.59,53.52,53.55,1144
07/10/2024,53.45,53.49,53.43,53.46,4636
08/10/2024,53.47,53.47,53.41,53.44,2131
09/10/2024,53.48,53.48,53.4,53.42,2164
10/10/2024,53.41,53.47,53.37,53.47,1173
11/10/2024,53.48,53.48,53.4,53.45,11408
14/10/2024,53.48,53.51,53.42,53.46,4488
15/10/2024,53.58,53.62,53.56,53.57,4850
16/10/2024,53.65,53.72,53.61,53.71,1683
17/10/2024,53.67,53.76,53.67,53.74,1415
18/10/2024,53.72,53.86,53.72,53.84,1930
21/10/2024,53.79,53.81,53.6,53.6,2995
22/10/2024,53.62,53.62,53.49,53.55,1862
23/10/2024,53.58,53.62,53.57,53.6,2636
24/10/2024,53.67,53.75,53.67,53.71,744
25/10/2024,53.72,53.72,53.65,53.66,3683
28/10/2024,53.58,53.76,53.58,53.69,5789
29/10/2024,53.72,53.72,53.57,53.58,16302
30/10/2024,53.65,53.65,53.41,53.41,3216
31/10/2024,53.32,53.37,53.27,53.34,4569
01/11/2024,53.33,53.44,53.33,53.38,5250
04/11/2024,53.36,53.46,53.36,53.42,10368
05/11/2024,53.39,53.42,53.36,53.4,5100
06/11/2024,53.62,53.66,53.53,53.58,3048
07/11/2024,53.57,53.57,53.44,53.54,2688
08/11/2024,53.63,53.69,53.56,53.66,4686
11/11/2024,53.76,53.82,53.74,53.81,2703
12/11/2024,53.72,53.86,53.72,53.75,2948
13/11/2024,53.66,53.73,53.64,53.71,1516
14/11/2024,53.68,53.84,53.68,53.84,81045
15/11/2024,53.82,53.82,53.7,53.73,640
18/11/2024,53.75,53.75,53.62,53.69,11100
19/11/2024,53.77,53.86,53.67,53.71,11873
20/11/2024,53.67,53.7,53.6,53.67,3162
21/11/2024,53.75,53.75,53.65,53.72,1276
22/11/2024,53.68,53.89,53.68,53.85,4441
25/11/2024,53.93,53.99,53.84,53.97,2255
26/11/2024,53.95,53.99,53.95,53.98,5843
27/11/2024,54.09,54.09,53.98,54.05,3233
28/11/2024,54.07,54.16,54.07,54.16,326
29/11/2024,54.18,54.3,54.17,54.3,2684
02/12/2024,54.38,54.43,54.32,54.43,3469
03/12/2024,54.4,54.42,54.34,54.4,1841
04/12/2024,54.35,54.45,54.34,54.45,1035
05/12/2024,54.46,54.46,54.36,54.38,1001
06/12/2024,54.39,54.46,54.35,54.43,2221
09/12/2024,54.47,54.5,54.42,54.45,3181
10/12/2024,54.42,54.49,54.42,54.49,19503
11/12/2024,54.45,54.56,54.45,54.46,3346
12/12/2024,54.42,54.57,54.33,54.33,615
13/12/2024,54.3,54.3,54.18,54.19,5998
16/12/2024,54.24,54.24,54.17,54.19,3906
17/12/2024,54.17,54.3,54.17,54.19,2130
18/12/2024,54.22,54.22,54.17,54.17,2582
19/12/2024,54.16,54.16,53.96,53.99,3827
20/12/2024,53.95,54.18,53.95,54.05,1509
23/12/2024,53.98,54.07,53.98,54.03,1731
27/12/2024,53.8,54.02,53.79,53.96,2351
30/12/2024,54.17,54.17,53.93,53.97,1469
02/01/2025,54.03,54.22,53.99,53.99,21223
03/01/2025,53.99,54.03,53.8,53.8,29853
06/01/2025,53.73,53.8,53.73,53.76,20222
07/01/2025,53.78,53.82,53.7,53.75,3439
08/01/2025,53.75,53.75,53.62,53.67,13796
09/01/2025,53.63,53.71,53.59,53.67,9784
10/01/2025,53.62,53.62,53.48,53.55,11251
13/01/2025,53.49,53.53,53.46,53.48,8678
14/01/2025,53.56,53.56,53.45,53.45,688
15/01/2025,53.51,53.73,53.51,53.69,4107
16/01/2025,53.66,53.79,53.66,53.79,2263
17/01/2025,53.86,53.87,53.79,53.79,4313
20/01/2025,53.87,53.89,53.8,53.86,497
21/01/2025,53.89,53.9,53.86,53.89,571
22/01/2025,53.89,53.96,53.89,53.92,851
23/01/2025,53.92,53.92,53.83,53.87,1248
24/01/2025,53.88,53.88,53.77,53.79,3337
27/01/2025,53.87,53.91,53.86,53.87,705
28/01/2025,53.85,53.88,53.84,53.86,2110
29/01/2025,53.91,53.96,53.88,53.88,13331
30/01/2025,53.94,54.1,53.94,54.07,136
31/01/2025,54.09,54.29,54.09,54.24,5207
03/02/2025,53.63,53.63,53.39,53.49,69570
04/02/2025,53.45,53.52,53.42,53.5,8089
05/02/2025,53.55,53.6,53.54,53.57,7415
06/02/2025,53.53,53.69,53.53,53.69,2782
07/02/2025,53.59,53.79,53.45,53.5,16252
10/02/2025,53.55,53.57,53.51,53.55,3401
11/02/2025,53.52,53.52,53.42,53.43,5476
12/02/2025,53.38,53.43,53.3,53.38,1456
13/02/2025,53.44,53.59,53.44,53.56,1030
14/02/2025,53.55,53.57,53.53,53.54,25511
17/02/2025,53.43,53.49,53.43,53.47,1154
18/02/2025,53.39,53.5,53.38,53.5,511
19/02/2025,53.44,53.47,53.3,53.33,2560
20/02/2025,53.35,53.41,53.33,53.41,1360
21/02/2025,53.37,53.56,53.37,53.53,1745
24/02/2025,53.57,53.57,53.47,53.52,6312
25/02/2025,53.53,53.56,53.51,53.54,1651
26/02/2025,53.48,53.63,53.48,53.61,686
27/02/2025,53.66,53.69,53.54,53.65,3699
28/02/2025,53.7,53.73,53.6,53.64,2340
03/03/2025,53.65,53.67,53.47,53.54,977