,Year,Monthly_Gross_Salary,Annual_Gross_Salary,Annual_Post_Tax_Salary,Monthly_Post_Tax_Salary
0,2025,43871.0,526452.0,289184.821668,24098.735139
1,2026,44309.71,531716.52,292076.6698846801,24339.722490390006
2,2027,46525.195499999994,558302.3459999999,306680.5033789139,25556.708614909494
3,2028,46990.447454999994,563885.36946,309747.3084127031,25812.275701058592
4,2029,47460.351929549994,569524.2231545999,312844.78149683017,26070.39845806918
5,2030,47934.955448845496,575219.465386146,315973.22931179847,26331.102442649873
6,2031,50331.703221287775,603980.4386554533,331771.8907773884,27647.657564782367
7,2032,50835.020253500654,610020.2430420078,335089.6096851622,27924.134140430182
8,2033,51343.370456035664,616120.445472428,338440.505782014,28203.3754818345
9,2034,51856.804160596024,622281.6499271523,341824.91083983413,28485.409236652846
10,2035,54449.64436862583,653395.7324235099,358916.15638182586,29909.67969848549
11,2036,54994.140812312085,659929.689747745,362505.3179456441,30208.77649547034
12,2037,55544.08222043521,666528.9866452225,366130.3711251006,30510.86426042505
13,2038,56099.52304263956,673194.2765116747,369791.67483635154,30815.972903029295
14,2039,58904.49919477153,706853.9903372584,388281.25857816904,32356.771548180754
15,2040,59493.54418671925,713922.530240631,391328.82744940405,32610.73562078367
16,2041,60088.47962858644,721061.7555430373,394314.51572389813,32859.54297699151
17,2042,60689.36442487231,728272.3730984677,397330.0608811371,33110.838406761424
18,2043,63723.83264611592,764685.9917533911,412558.563925194,34379.8803270995
19,2044,64361.07097257708,772332.8516709249,415756.54956444586,34646.379130370486
20,2045,65004.68168230285,780056.1801876342,418986.51506009034,34915.5429216742
21,2046,65654.72849912588,787856.7419895106,422248.7802106912,35187.39835089094
22,2047,68937.46492408217,827249.5790889862,438723.2192212258,36560.26826843549
23,2048,69626.839573323,835522.074879876,442182.8514134381,36848.570951119844
24,2049,70323.10796905623,843877.2956286748,445677.0799275724,37139.756660631036
25,2050,71026.3390487468,852316.0685849616,449206.2507268482,37433.85422723735
26,2051,71736.60243923427,860839.2292708112,452770.7132341167,37730.89276950972
27,2052,72453.9684636266,869447.6215635192,456370.82036645786,38030.90169720482
28,2053,73178.50814826287,878142.0977791545,460006.92857012246,38333.91071417687
29,2054,73910.2932297455,886923.518756946,463679.3978558236,38639.94982131864
30,2055,74649.39616204295,895792.7539445154,467388.5918343818,38949.04931953182
31,2056,75395.89012366338,904750.6814839606,471134.8777527257,39261.23981272714
32,2057,76149.84902490002,913798.1882988003,474918.626530253,39576.55221085442
33,2058,76911.34751514901,922936.1701817882,478740.2127955555,39895.01773296296
34,2059,77680.4609903005,932165.531883606,482600.01492351096,40216.66791029258
35,2060,81564.48403981552,978773.8084777863,502092.0156696865,41841.00130580721
36,2061,82380.12888021368,988561.5465625642,506185.33582638344,42182.11131886529
37,2062,83203.93016901582,998447.1620281897,510319.58918464725,42526.632432053935
38,2063,84035.96947070598,1008431.6336484718,514495.18507649377,42874.59875637448
39,2064,84876.32916541304,1018515.9499849565,518712.5369272587,43226.044743938226
40,2065,85725.09245706718,1028701.1094848062,522972.06229653134,43581.00519137761
41,2066,86582.34338163785,1038988.1205796542,527274.1829194967,43939.51524329139
42,2067,87448.16681545423,1049378.0017854506,531619.3247486915,44301.610395724296
43,2068,88322.64848360878,1059871.7818033053,536007.9179961785,44667.32649968154
44,2069,89205.87496844487,1070470.4996213384,540440.3971761405,45036.69976467837
