Year,Account,Asset,Invested,Weight,Return (Nominal),Inflation Rate,Return (Inflation Adjusted),Gross Gain,Tax,Net Gain,End Value,TOTAL ASK Cap (DKK),Goal,Redeemed Amount,Allocated Value,Goal Value,Utility (Keep),Utility (Redeem),Utility Δ,Redeemed
2026,ASK,Emerging Markets - Equities,49974.66,0.9492728681817145,-0.9885203742517823,0.02,-1.0085203742517823,-50400.46280630558,-8568.07867707195,-41832.38412923363,8142.275870766374,187224.30000000002,,,,,,,,
2026,ASK,Developed Markets - Equities,643.63,0.012225805961417185,-0.9889007994714204,0.02,-1.0089007994714203,-649.3588215637902,-110.39099966584435,-538.9678218979459,104.66217810205411,187224.30000000002,,,,,,,,
2026,NORMAL,Emerging Markets State - Obligations,651.3817715414947,0.01237305151355669,-0.9889394843443008,0.02,-1.0089394843443007,-657.2047886903528,0.0,-657.2047886903528,-5.823017148858071,187224.30000000002,,,,,,,,
2026,NORMAL,High Yield Bonds - Obligations,369.98863293170126,0.007027965188311588,-0.9887395840706636,0.02,-1.0087395840706637,-373.22217969439777,0.0,-373.22217969439777,-3.2335467626965055,187224.30000000002,,,,,,,,
2026,NORMAL,Investment Grade Bonds - Obligations,781.685867761581,0.014848188776214754,-0.988481612923038,0.02,-1.008481612923038,-788.3158247193438,0.0,-788.3158247193438,-6.629956957762829,187224.30000000002,,,,,,,,
2026,NORMAL,Government ZC Bonds - Obligations,223.85324990935905,0.004252111301872897,-0.9889461850624608,0.02,-1.0089461850624608,-225.85588250988147,0.0,-225.85588250988147,-2.0026326005224178,187224.30000000002,,,,,,,,
2027,ASK,Emerging Markets - Equities,57378.81,0.9344945947576477,-0.9903852577107389,0.02,-1.0103852577107388,-57974.703728985514,-9855.699633927537,-48119.00409505798,9259.80590494202,210908.17395000003,,,,,,,,
2027,ASK,Developed Markets - Equities,1215.6,0.019797755118786824,-0.9920848510110687,0.02,-1.0120848510110687,-1230.290344889055,-209.14935863113936,-1021.1409862579155,194.45901374208432,210908.17395000003,,,,,,,,
2027,NORMAL,Emerging Markets State - Obligations,1304.6228554600682,0.021247617485003988,-0.992231152472402,0.02,-1.012231152472402,-1320.5798965241806,0.0,-1320.5798965241806,-15.957041064112445,210908.17395000003,,,,,,,,
2027,NORMAL,High Yield Bonds - Obligations,430.09446108248886,0.007004693006299527,-0.9928232782505773,0.02,-1.0128232782505773,-435.6096820309817,0.0,-435.6096820309817,-5.515220948492811,210908.17395000003,,,,,,,,
2027,NORMAL,Investment Grade Bonds - Obligations,372.9605113201224,0.006074186304782251,-0.992678289557438,0.02,-1.012678289557438,-377.68901267612904,0.0,-377.68901267612904,-4.728501356006632,210908.17395000003,,,,,,,,
2027,NORMAL,Government ZC Bonds - Obligations,698.8064130125322,0.0113810449492102,-0.9923967851716737,0.02,-1.0123967851716738,-707.4693659912365,0.0,-707.4693659912365,-8.662952978704311,210908.17395000003,,,,,,,,
2028,ASK,Emerging Markets - Equities,66035.47,0.9648675159456932,-0.9932199702332264,0.02,-1.0132199702332263,-66908.45694773711,-11374.43768111531,-55534.0192666218,10501.4507333782,237588.05795467505,,,,,,,,
2028,ASK,Developed Markets - Equities,771.5,0.01127265829337025,-0.993450377985875,0.02,-1.013450377985875,-781.8769666161025,-132.91908432473744,-648.9578822913651,122.54211770863489,237588.05795467505,,,,,,,,
2028,NORMAL,Emerging Markets State - Obligations,215.36239578476798,0.0031467358352861323,-0.9947412095675432,0.02,-1.0147412095675432,-218.53709799399942,0.0,-218.53709799399942,-3.174702209231441,237588.05795467505,,,,,,,,
2028,NORMAL,High Yield Bonds - Obligations,488.65598859774997,0.007139924799055689,-0.9945677029685034,0.02,-1.0145677029685034,-495.7745838934224,0.0,-495.7745838934224,-7.118595295672435,237588.05795467505,,,,,,,,
2028,NORMAL,Investment Grade Bonds - Obligations,660.5477241492929,0.009651495503303138,-0.9944610615745675,0.02,-1.0144610615745675,-670.0999454611563,0.0,-670.0999454611563,-9.552221311863377,237588.05795467505,,,,,,,,
2028,NORMAL,Government ZC Bonds - Obligations,268.39573421745456,0.00392162462635332,-0.994154939345768,0.02,-1.014154939345768,-272.19485955596554,0.0,-272.19485955596554,-3.799125338510976,237588.05795467505,,,,,,,,
2029,ASK,Emerging Markets - Equities,67452.59,0.9607113723541385,-0.9923858499535053,0.02,-1.0123858499535052,-68288.04765871531,-11608.968101981603,-56679.079556733705,10773.51044326629,267642.94728594145,,,,,,,,
2029,ASK,Developed Markets - Equities,1395.89,0.019881332911833607,-0.9943620006814438,0.02,-1.0143620006814438,-1415.9377731312206,-240.70942143230752,-1175.2283516989132,220.66164830108698,267642.94728594145,,,,,,,,
2029,NORMAL,Emerging Markets State - Obligations,133.90388935796477,0.0019071615976294916,-0.9953761536402856,0.02,-1.0153761536402857,-135.96281613376465,0.0,-135.96281613376465,-2.0589267757998755,267642.94728594145,,,,,,,,
2029,NORMAL,High Yield Bonds - Obligations,673.665759967232,0.009594862951387235,-0.9959070345007146,0.02,-1.0159070345007146,-684.3817844529809,0.0,-684.3817844529809,-10.716024485748903,267642.94728594145,,,,,,,,
2029,NORMAL,Investment Grade Bonds - Obligations,496.96511399464094,0.0070781572164674835,-0.9956173699900964,0.02,-1.0156173699900963,-504.7264020520656,0.0,-504.7264020520656,-7.761288057424679,267642.94728594145,,,,,,,,
2029,NORMAL,Government ZC Bonds - Obligations,58.06750299931145,0.0008270417858772592,-0.9952334787709507,0.02,-1.0152334787709507,-58.952073073533576,0.0,-58.952073073533576,-0.8845700742221254,267642.94728594145,,,,,,,,
2029,,,,,,,,,,,,,GOAL B,329.1825384652254,329.1825384652254,250000.0,0.30972389105028664,0.8,0.4902761089497134,True
2030,ASK,Emerging Markets - Equities,56471.46,0.7970519276052193,-0.9916769476257524,0.02,-1.0116769476257523,-57130.87428076976,-9712.24862773086,-47418.62565303891,9052.834346961095,301499.78011761303,,,,,,,,
2030,NORMAL,Emerging Markets - Equities,11775.25,0.1661987437642547,-0.9916769476257524,0.02,-1.0116769476257523,-11912.74897753014,0.0,-11912.74897753014,-137.4989775301401,301499.78011761303,,,,,,,,
2030,ASK,Developed Markets - Equities,160.15,0.0022603960691998377,-0.9942197753376507,0.02,-1.0142197753376507,-162.42729702032477,-27.612640493455213,-134.81465652686956,25.335343473130447,301499.78011761303,,,,,,,,
2030,NORMAL,Developed Markets - Equities,33.39,0.0004712745847679212,-0.9942197753376507,0.02,-1.0142197753376507,-33.86479829852416,0.0,-33.86479829852416,-0.47479829852415634,301499.78011761303,,,,,,,,
2030,NORMAL,Emerging Markets State - Obligations,1027.1807812722038,0.014497879490136171,-0.9961945905857663,0.02,-1.0161945905857663,-1043.8155534824748,0.0,-1043.8155534824748,-16.634772210270967,301499.78011761303,,,,,,,,
2030,NORMAL,High Yield Bonds - Obligations,189.98305412749355,0.002681467054413777,-0.9963711268981312,0.02,-1.0163711268981312,-193.09329081510927,0.0,-193.09329081510927,-3.110236687615725,301499.78011761303,,,,,,,,
2030,NORMAL,Investment Grade Bonds - Obligations,380.54932212011374,0.005371165731233018,-0.9961912230655722,0.02,-1.016191223065572,-386.71088108201275,0.0,-386.71088108201275,-6.161558961899004,301499.78011761303,,,,,,,,
2030,NORMAL,Government ZC Bonds - Obligations,812.447222501684,0.011467077790665829,-0.9959875512659472,0.02,-1.015987551265947,-825.4362641223059,0.0,-825.4362641223059,-12.989041620621947,301499.78011761303,,,,,,,,
2031,ASK,Emerging Markets - Equities,37637.94,0.5399200086046924,-0.9924434891820103,0.02,-1.0124434891820102,-38106.28729922315,-6478.068840867936,-31628.218458355215,6009.721541644789,339639.50230249116,,,,,,,,
2031,NORMAL,Emerging Markets - Equities,29567.87,0.42415404841025905,-0.9924434891820103,0.02,-1.0124434891820102,-29935.797470480084,0.0,-29935.797470480084,-367.9274704800846,339639.50230249116,,,,,,,,
2031,ASK,Developed Markets - Equities,501.78,0.0071980842181496255,-0.9948835636989768,0.02,-1.0148835636989768,-509.2482745928726,-86.57220668078834,-422.67606791208425,79.10393208791574,339639.50230249116,,,,,,,,
2031,NORMAL,Developed Markets - Equities,394.19,0.005654694921982544,-0.9948835636989768,0.02,-1.0148835636989768,-400.05695197449967,0.0,-400.05695197449967,-5.8669519744996705,339639.50230249116,,,,,,,,
2031,NORMAL,Emerging Markets State - Obligations,710.6629621401095,0.01019453117343096,-0.9968038227202907,0.02,-1.0168038227202907,-722.6048165697886,0.0,-722.6048165697886,-11.941854429679097,339639.50230249116,,,,,,,,
2031,NORMAL,High Yield Bonds - Obligations,326.589343426476,0.004684956751432829,-0.9967670152684964,0.02,-1.0167670152684964,-332.0652719342359,0.0,-332.0652719342359,-5.475928507759932,339639.50230249116,,,,,,,,
2031,NORMAL,Investment Grade Bonds - Obligations,249.29866971542543,0.00357621431719937,-0.9965979353599734,0.02,-1.0165979353599734,-253.43651292068944,0.0,-253.43651292068944,-4.137843205264005,339639.50230249116,,,,,,,,
2031,NORMAL,Government ZC Bonds - Obligations,321.8849830967676,0.0046174722326282475,-0.9963909801842477,0.02,-1.0163909801842477,-327.1609934763136,0.0,-327.1609934763136,-5.276010379545994,339639.50230249116,,,,,,,,
2032,ASK,Emerging Markets - Equities,42576.63,0.5817584613442298,-0.9926800915625008,0.02,-1.0126800915625007,-43116.505566822714,-7329.805946359862,-35786.69962046285,6789.930379537145,382603.8993437562,,,,,,,,
2032,NORMAL,Emerging Markets - Equities,24314.61,0.3322299134944458,-0.9926800915625008,0.02,-1.0126800915625007,-24622.921481106496,0.0,-24622.921481106496,-308.3114811064952,382603.8993437562,,,,,,,,
2032,ASK,Developed Markets - Equities,387.77,0.00529841085486221,-0.9959185745485454,0.02,-1.0159185745485453,-393.9427456526894,-66.9702667609572,-326.9724788917322,60.7975211082678,382603.8993437562,,,,,,,,
2032,NORMAL,Developed Markets - Equities,221.45,0.003025848012505445,-0.9959185745485454,0.02,-1.0159185745485453,-224.97516833377534,0.0,-224.97516833377534,-3.5251683337753548,382603.8993437562,,,,,,,,
2032,NORMAL,Emerging Markets State - Obligations,2511.6257595474403,0.03431834641085618,-0.9972008748796904,0.02,-1.0172008748796904,-2554.827919982023,0.0,-2554.827919982023,-43.202160434582765,382603.8993437562,,,,,,,,
2032,NORMAL,High Yield Bonds - Obligations,1845.0141370581503,0.02520990002105149,-0.9971849492920805,0.02,-1.0171849492920804,-1876.720611446666,0.0,-1876.720611446666,-31.706474388515744,382603.8993437562,,,,,,,,
2032,NORMAL,Investment Grade Bonds - Obligations,678.5174129771677,0.00927112470312621,-0.9970747423815357,0.02,-1.0170747423815356,-690.1029230051389,0.0,-690.1029230051389,-11.585510027971168,382603.8993437562,,,,,,,,
2032,NORMAL,Government ZC Bonds - Obligations,650.4799344697417,0.008888026267283541,-0.9968742885550766,0.02,-1.0168742885550766,-661.4563205832713,0.0,-661.4563205832713,-10.976386113529657,382603.8993437562,,,,,,,,
2033,ASK,Emerging Markets - Equities,47775.34,0.640297410218502,-0.9927493491351499,0.02,-1.0127493491351498,-48384.444489710484,-8225.355563250783,-40159.0889264597,7616.251073540296,431003.2926107414,,,,,,,,
2033,NORMAL,Emerging Markets - Equities,23650.62,0.3169716999619868,-0.9927493491351499,0.02,-1.0127493491351498,-23952.150011642756,0.0,-23952.150011642756,-301.530011642757,431003.2926107414,,,,,,,,
2033,ASK,Developed Markets - Equities,624.05,0.008363678811011207,-0.9967683523614821,0.02,-1.016768352361482,-634.5142902911829,-107.8674293495011,-526.6468609416818,97.40313905831817,431003.2926107414,,,,,,,,
2033,NORMAL,Developed Markets - Equities,308.93,0.004140359418453156,-0.9967683523614821,0.02,-1.016768352361482,-314.11024709503266,0.0,-314.11024709503266,-5.180247095032655,431003.2926107414,,,,,,,,
2033,NORMAL,Emerging Markets State - Obligations,514.3355570596394,0.006893257592066905,-0.9971700387865876,0.02,-1.0171700387865876,-523.1667185236746,0.0,-523.1667185236746,-8.831161464035176,431003.2926107414,,,,,,,,
2033,NORMAL,High Yield Bonds - Obligations,1625.567321103896,0.021786271868262007,-0.9975229749537183,0.02,-1.0175229749537182,-1654.0520965571823,0.0,-1654.0520965571823,-28.484775453286375,431003.2926107414,,,,,,,,
2033,NORMAL,Investment Grade Bonds - Obligations,7.070573158528678,9.476164234867541e-05,-0.9973844310981319,0.02,-1.017384431098132,-7.19349105042742,0.0,-7.19349105042742,-0.12291789189874258,431003.2926107414,,,,,,,,
2033,NORMAL,Government ZC Bonds - Obligations,108.37635221352052,0.001452487782425942,-0.9971112555059652,0.02,-1.0171112555059652,-110.23080766705054,0.0,-110.23080766705054,-1.8544554535300222,431003.2926107414,,,,,,,,
2034,ASK,Emerging Markets - Equities,54047.15,0.7090731018420764,-0.9926687641300767,0.02,-1.0126687641300767,-54731.860595252874,-9304.416301192989,-45427.44429405988,8619.705705940116,485525.20912600023,,,,,,,,
2034,NORMAL,Emerging Markets - Equities,18788.16,0.2464917926126581,-0.9926687641300767,0.02,-1.0126687641300767,-19026.18276747814,0.0,-19026.18276747814,-238.02276747814176,485525.20912600023,,,,,,,,
2034,ASK,Developed Markets - Equities,474.77,0.006228758344548465,-0.9972193828261129,0.02,-1.017219382826113,-482.9452463843536,-82.10069188534011,-400.8445544990135,73.9254455009865,485525.20912600023,,,,,,,,
2034,NORMAL,Developed Markets - Equities,165.04,0.0021652469136303446,-0.9972193828261129,0.02,-1.017219382826113,-167.88188694162167,0.0,-167.88188694162167,-2.8418869416216808,485525.20912600023,,,,,,,,
2034,NORMAL,Emerging Markets State - Obligations,527.5153194572114,0.00692075204403449,-0.9973274435389099,0.02,-1.01732744353891,-536.6558113710163,0.0,-536.6558113710163,-9.140491913804908,485525.20912600023,,,,,,,,
2034,NORMAL,High Yield Bonds - Obligations,1109.0770724765246,0.014550567790583935,-0.9978610173580779,0.02,-1.0178610173580778,-1128.8863173194738,0.0,-1128.8863173194738,-19.809244842949283,485525.20912600023,,,,,,,,
2034,NORMAL,Investment Grade Bonds - Obligations,901.2740501999605,0.011824290205590067,-0.9976091230709648,0.02,-1.0176091230709647,-917.1446958705984,0.0,-917.1446958705984,-15.870645670637941,485525.20912600023,,,,,,,,
2034,NORMAL,Government ZC Bonds - Obligations,209.2741749026954,0.0027455784131761884,-0.9973956156934641,0.02,-1.017395615693464,-212.91462802386945,0.0,-212.91462802386945,-3.640453121174062,485525.20912600023,,,,,,,,
2034,,,,,,,,,,,,,GOAL C,329.1825384652254,329.1825384652254,4000000.0,0.26733155646679707,0.24,-0.02733155646679708,True
2035,ASK,Emerging Markets - Equities,61237.61,0.7856268051532135,-0.9927343770696334,0.02,-1.0127343770696333,-62017.43281658315,-10542.963578819135,-51474.46923776401,9763.14076223599,546944.1480804393,,,,,,,,
2035,NORMAL,Emerging Markets - Equities,15534.58,0.19929553839212547,-0.9927343770696334,0.02,-1.0127343770696333,-15732.403199338385,0.0,-15732.403199338385,-197.82319933838517,546944.1480804393,,,,,,,,
2035,ASK,Developed Markets - Equities,181.33,0.002326310719481577,-0.9969424297557903,0.02,-1.0169424297557903,-184.40217078761748,-31.348369033894972,-153.0538017537225,28.276198246277506,546944.1480804393,,,,,,,,
2035,NORMAL,Developed Markets - Equities,46.0,0.0005901411409924035,-0.9969424297557903,0.02,-1.0169424297557903,-46.779351768766354,0.0,-46.779351768766354,-0.7793517687663538,546944.1480804393,,,,,,,,
2035,NORMAL,Emerging Markets State - Obligations,178.29097108423608,0.002287322545745537,-0.9971732530569223,0.02,-1.0171732530569222,-181.35280704843007,0.0,-181.35280704843007,-3.061835964193989,546944.1480804393,,,,,,,,
2035,NORMAL,High Yield Bonds - Obligations,132.06792351546804,0.0016943198928677345,-0.9976219606754254,0.02,-1.0176219606754253,-134.3952192701427,0.0,-134.3952192701427,-2.327295754674651,546944.1480804393,,,,,,,,
2035,NORMAL,Investment Grade Bonds - Obligations,87.06112634759158,0.001116920705192424,-0.997531832017965,0.02,-1.017531832017965,-88.58746739001238,0.0,-88.58746739001238,-1.5263410424207962,546944.1480804393,,,,,,,,
2035,NORMAL,Government ZC Bonds - Obligations,550.5191709494436,0.007062695906136885,-0.9975070785533777,0.02,-1.0175070785533777,-560.1571533203959,0.0,-560.1571533203959,-9.637982370952273,546944.1480804393,,,,,,,,
2036,ASK,Emerging Markets - Equities,68108.68,0.7849411313950299,-0.9922415890579835,0.02,-1.0122415890579834,-68942.43847184168,-11720.214540213086,-57222.2239316286,10886.456068371395,616132.582812615,,,,,,,,
2036,NORMAL,Emerging Markets - Equities,14905.83,0.17178719459226016,-0.9922415890579835,0.02,-1.0122415890579834,-15088.301045428161,0.0,-15088.301045428161,-182.47104542816123,616132.582812615,,,,,,,,
2036,ASK,Developed Markets - Equities,1079.76,0.012444053181402098,-0.9972398453010547,0.02,-1.0172398453010547,-1098.374895362267,-186.7237322115854,-911.6511631506814,168.1088368493185,616132.582812615,,,,,,,,
2036,NORMAL,Developed Markets - Equities,236.31,0.002723433177092252,-0.9972398453010547,0.02,-1.0172398453010547,-240.38394784309224,0.0,-240.38394784309224,-4.073947843092242,616132.582812615,,,,,,,,
2036,NORMAL,Emerging Markets State - Obligations,1381.8776210391602,0.015925908170705272,-0.9970158492205897,0.02,-1.0170158492205896,-1405.3914422800697,0.0,-1405.3914422800697,-23.513821240909465,616132.582812615,,,,,,,,
2036,NORMAL,High Yield Bonds - Obligations,387.01338173240447,0.004460264414492399,-0.9974293493902638,0.02,-1.0174293493902637,-393.7587731813261,0.0,-393.7587731813261,-6.745391448921623,616132.582812615,,,,,,,,
2036,NORMAL,Investment Grade Bonds - Obligations,538.8537959006429,0.006210199760305987,-0.9975122568547627,0.02,-1.0175122568547628,-548.2903419816189,0.0,-548.2903419816189,-9.436546080975972,616132.582812615,,,,,,,,
2036,NORMAL,Government ZC Bonds - Obligations,130.842561135445,0.0015079386059497788,-0.9975524124419928,0.02,-1.0175524124419928,-133.139163733461,0.0,-133.139163733461,-2.296602598015994,616132.582812615,,,,,,,,
2037,ASK,Emerging Markets - Equities,77026.58,0.867505808071789,-0.9930739476056534,0.02,-1.0130739476056534,-78033.62147116267,-13265.715650097654,-64767.90582106501,12258.674178934989,694073.3545384107,,,,,,,,
2037,NORMAL,Emerging Markets - Equities,7621.69,0.0858386850658912,-0.9930739476056534,0.02,-1.0130739476056534,-7721.335575726532,0.0,-7721.335575726532,-99.64557572653212,694073.3545384107,,,,,,,,
2037,ASK,Developed Markets - Equities,914.19,0.010295993080325633,-0.9976049331596124,0.02,-1.0176049331596124,-930.2842538451862,-158.14832315368167,-772.1359306915045,142.05406930849554,694073.3545384107,,,,,,,,
2037,NORMAL,Developed Markets - Equities,90.46,0.0010187986458463302,-0.9976049331596124,0.02,-1.0176049331596124,-92.05254225361854,0.0,-92.05254225361854,-1.5925422536185465,694073.3545384107,,,,,,,,
2037,NORMAL,Emerging Markets State - Obligations,1551.347397942254,0.017471928236356363,-0.997349616621607,0.02,-1.017349616621607,-1578.2626805434797,0.0,-1578.2626805434797,-26.915282601225726,694073.3545384107,,,,,,,,
2037,NORMAL,High Yield Bonds - Obligations,724.8353327371829,0.00816340101099067,-0.9976602133726954,0.02,-1.0176602133726953,-737.6360793733901,0.0,-737.6360793733901,-12.800746636207236,694073.3545384107,,,,,,,,
2037,NORMAL,Investment Grade Bonds - Obligations,531.2139983279437,0.005982755937996063,-0.9977294195407389,0.02,-1.017729419540739,-540.6321141702132,0.0,-540.6321141702132,-9.418115842269458,694073.3545384107,,,,,,,,
2037,NORMAL,Government ZC Bonds - Obligations,330.53455848477284,0.0037226195068505554,-0.9977804006439015,0.02,-1.0177804006439015,-336.4115953612872,0.0,-336.4115953612872,-5.877036876514353,694073.3545384107,,,,,,,,
2038,ASK,Emerging Markets - Equities,83371.29,0.9162792657401146,-0.9937533042327917,0.02,-1.0137533042327918,-84517.9207156503,-14368.046521660552,-70149.87419398974,13221.415806010249,781873.6338875197,,,,,,,,
2038,ASK,Developed Markets - Equities,357.36,0.0039275097986955386,-0.9976491805093577,0.02,-1.0176491805093577,-363.6671111468241,-61.823408894960096,-301.843702251864,55.516297748136026,781873.6338875197,,,,,,,,
2038,NORMAL,Emerging Markets State - Obligations,3241.835494120064,0.035628891506927315,-0.997619787104078,0.02,-1.017619787104078,-3298.955945352903,0.0,-3298.955945352903,-57.12045123283906,781873.6338875197,,,,,,,,
2038,NORMAL,High Yield Bonds - Obligations,584.047998935278,0.006418889183811355,-0.9976906356840071,0.02,-1.017690635684007,-594.3801793064152,0.0,-594.3801793064152,-10.33218037113727,781873.6338875197,,,,,,,,
2038,NORMAL,Investment Grade Bonds - Obligations,368.42294414401124,0.004049095374943652,-0.9977273011353145,0.02,-1.0177273011353145,-374.9540886200113,0.0,-374.9540886200113,-6.531144476000065,781873.6338875197,,,,,,,,
2038,NORMAL,Government ZC Bonds - Obligations,3065.997406931618,0.03369637021070921,-0.997932653226807,0.02,-1.017932653226807,-3120.978875224412,0.0,-3120.978875224412,-54.981468292794034,781873.6338875197,,,,,,,,
2039,ASK,Emerging Markets - Equities,90126.59,0.9724503918712465,-0.9943429124808011,0.02,-1.014342912480801,-91419.26779256303,-15541.275524735716,-75877.99226782731,14248.597732172686,880780.648574291,,,,,,,,
2039,ASK,Developed Markets - Equities,392.54,0.004235439028871936,-0.9978835474948548,0.02,-1.0178835474948547,-399.56000773363024,-67.92520131471714,-331.6348064189131,60.90519358108692,880780.648574291,,,,,,,,
2039,NORMAL,Emerging Markets State - Obligations,791.2831733794956,0.008537809230705544,-0.9975819095312218,0.02,-1.0175819095312217,-805.1954425474319,0.0,-805.1954425474319,-13.912269167936302,880780.648574291,,,,,,,,
2039,NORMAL,High Yield Bonds - Obligations,756.0489826206882,0.008157638377568102,-0.9978458539673262,0.02,-1.017845853967326,-769.5413223566825,0.0,-769.5413223566825,-13.492339735994278,880780.648574291,,,,,,,,
2039,NORMAL,Investment Grade Bonds - Obligations,143.37604166193003,0.0015470028090388422,-0.9977158141595878,0.02,-1.0177158141595877,-145.9160649709501,0.0,-145.9160649709501,-2.5400233090200572,880780.648574291,,,,,,,,
2039,NORMAL,Government ZC Bonds - Obligations,470.04984145436066,0.005071756875760087,-0.9979207882528864,0.02,-1.0179207882528865,-478.4735051313671,0.0,-478.4735051313671,-8.42366367700646,880780.648574291,,,,,,,,
2039,,,,,,,,,,,,,GOAL D,329.1825384652254,329.1825384652254,300000.0,0.1616003905146557,0.144,-0.0176003905146557,True
2040,ASK,Emerging Markets - Equities,25.12,0.0002449499472621253,-0.9944151460308028,0.02,-1.0144151460308029,-25.48210846829377,-4.3319584396099415,-21.15015002868383,3.9698499713161723,992199.4006189388,,,,,,,,
2040,ASK,Developed Markets - Equities,98574.8,0.9612218177298786,-0.9980983375811432,0.02,-1.0180983375811432,-100358.84000739368,-17061.002801256927,-83297.83720613676,15276.962793863251,992199.4006189388,,,,,,,,
2040,NORMAL,Emerging Markets State - Obligations,1162.3748547097598,0.011334540579616888,-0.9976133003904343,0.02,-1.0176133003904342,-1182.8481121920502,0.0,-1182.8481121920502,-20.473257482290364,992199.4006189388,,,,,,,,
2040,NORMAL,High Yield Bonds - Obligations,965.0285253322618,0.009410178598192041,-0.998030084362176,0.02,-1.018030084362176,-982.4280710559086,0.0,-982.4280710559086,-17.39954572364684,992199.4006189388,,,,,,,,
2040,NORMAL,Investment Grade Bonds - Obligations,929.3394964236643,0.009062168019012207,-0.9979093056012536,0.02,-1.0179093056012536,-945.9833214724308,0.0,-945.9833214724308,-16.64382504876653,992199.4006189388,,,,,,,,
2040,NORMAL,Government ZC Bonds - Obligations,894.8992968304894,0.008726335014472189,-0.998044813185363,0.02,-1.018044813185363,-911.0475874615083,0.0,-911.0475874615083,-16.14829063101888,992199.4006189388,,,,,,,,
2041,ASK,Emerging Markets - Equities,99193.37,0.9503692933378376,-0.994533322177831,0.02,-1.014533322177831,-100634.97920411479,-17107.946464699515,-83527.03273941527,15666.337260584722,1117712.6247972348,,,,,,,,
2041,ASK,Developed Markets - Equities,660.37,0.006326989094548434,-0.9982221244698697,0.02,-1.0182221244698697,-672.4033443361678,-114.30856853714855,-558.0947757990193,102.27522420098072,1117712.6247972348,,,,,,,,
2041,NORMAL,Emerging Markets State - Obligations,980.5387333182343,0.009394518031538084,-0.9975757916094206,0.02,-1.0175757916094206,-997.7724777600008,0.0,-997.7724777600008,-17.233744441766476,1117712.6247972348,,,,,,,,
2041,NORMAL,High Yield Bonds - Obligations,2681.16402845121,0.025688168100771316,-0.9979608811906218,0.02,-1.0179608811906218,-2729.320097018791,0.0,-2729.320097018791,-48.15606856758086,1117712.6247972348,,,,,,,,
2041,NORMAL,Investment Grade Bonds - Obligations,231.54932365740657,0.002218468503460904,-0.9978436812763536,0.02,-1.0178436812763536,-235.68101598850458,0.0,-235.68101598850458,-4.131692331098009,1117712.6247972348,,,,,,,,
2041,NORMAL,Government ZC Bonds - Obligations,626.5109153918938,0.006002586018898601,-0.998005688873316,0.02,-1.018005688873316,-637.7916760101766,0.0,-637.7916760101766,-11.280760618282784,1117712.6247972348,,,,,,,,
2042,ASK,Emerging Markets - Equities,28.05,0.00026526660017125504,-0.9931947106444824,0.02,-1.0131947106444823,-28.42011163357773,-4.831418977708214,-23.588692655869515,4.461307344130486,1259103.271834085,,,,,,,,
2042,ASK,Developed Markets - Equities,103876.98,0.9823562681161303,-0.9979675597612707,0.02,-1.0179675597612707,-105743.39584597031,-17976.377293814956,-87767.01855215535,16109.961447844638,1259103.271834085,,,,,,,,
2042,NORMAL,Emerging Markets State - Obligations,399.4135395771705,0.0037772218077006432,-0.9976644618992891,0.02,-1.0176644618992892,-406.4689648290917,0.0,-406.4689648290917,-7.055425251921179,1259103.271834085,,,,,,,,
2042,NORMAL,High Yield Bonds - Obligations,540.2361303299621,0.005108969753379824,-0.9978897762102935,0.02,-1.0178897762102934,-549.90083380228,0.0,-549.90083380228,-9.66470347231791,1259103.271834085,,,,,,,,
2042,NORMAL,Investment Grade Bonds - Obligations,296.3246705523281,0.0028023186418639316,-0.9979667946276978,0.02,-1.0179667946276978,-301.648675051262,0.0,-301.648675051262,-5.324004498933903,1259103.271834085,,,,,,,,
2042,NORMAL,Government ZC Bonds - Obligations,601.6754145927359,0.005689996136743151,-0.998163591777116,0.02,-1.018163591777116,-612.6040012057254,0.0,-612.6040012057254,-10.92858661298942,1259103.271834085,,,,,,,,
2043,ASK,Emerging Markets - Equities,104628.06,0.9774955674634836,-0.9937480697042079,0.02,-1.0137480697042078,-106066.49386189604,-18031.30395652233,-88035.18990537371,16592.870094626283,1418379.8357210967,,,,,,,,
2043,ASK,Developed Markets - Equities,556.12,0.005195593180049334,-0.9979422815947045,0.02,-1.0179422815947046,-566.0980616404471,-96.23667047887601,-469.8613911615711,86.25860883842891,1418379.8357210967,,,,,,,,
2043,NORMAL,Emerging Markets State - Obligations,461.1846290183743,0.004308652293158757,-0.9974166802445724,0.02,-1.0174166802445723,-469.21693423569906,0.0,-469.21693423569906,-8.032305217324733,1418379.8357210967,,,,,,,,
2043,NORMAL,High Yield Bonds - Obligations,430.8958835228763,0.004025677396502173,-0.9976257304549778,0.02,-1.0176257304549778,-438.4907382200101,0.0,-438.4907382200101,-7.594854697133769,1418379.8357210967,,,,,,,,
2043,NORMAL,Investment Grade Bonds - Obligations,548.4300991319658,0.005123749699316373,-0.9977721081584489,0.02,-1.0177721081584488,-558.1768581710878,0.0,-558.1768581710878,-9.746759039122026,1418379.8357210967,,,,,,,,
2043,NORMAL,Government ZC Bonds - Obligations,412.17602039390243,0.003850785658739903,-0.9980661370374715,0.02,-1.0180661370374715,-419.6224488618983,0.0,-419.6224488618983,-7.446428467995872,1418379.8357210967,,,,,,,,
2044,ASK,Emerging Markets - Equities,114282.29,0.9717318452256671,-0.9915598088520006,0.02,-1.0115598088520006,-115603.3714275689,-19652.573142686713,-95950.79828488218,18331.49171511781,1597804.8849398156,,,,,,,,
2044,ASK,Developed Markets - Equities,1652.02,0.01404697475829113,-0.9973084045111864,0.02,-1.0173084045111864,-1680.6138304205701,-285.70435117149697,-1394.9094792490732,257.1105207509268,1597804.8849398156,,,,,,,,
2044,NORMAL,Emerging Markets State - Obligations,371.83720261932655,0.003161697678833951,-0.9972242583461404,0.02,-1.0172242583461404,-378.24182265994796,0.0,-378.24182265994796,-6.40462004062141,1597804.8849398156,,,,,,,,
2044,NORMAL,High Yield Bonds - Obligations,213.97768686974453,0.001819432674118246,-0.9971788308744871,0.02,-1.0171788308744871,-217.65357336339383,0.0,-217.65357336339383,-3.675886493649301,1597804.8849398156,,,,,,,,
2044,NORMAL,Investment Grade Bonds - Obligations,312.21395179628047,0.002654726637733608,-0.9976501867159779,0.02,-1.017650186715978,-317.7245863408182,0.0,-317.7245863408182,-5.510634544537709,1597804.8849398156,,,,,,,,
2044,NORMAL,Government ZC Bonds - Obligations,774.4710696017205,0.006585256574207395,-0.9980904975884467,0.02,-1.0180904975884466,-788.481636618672,0.0,-788.481636618672,-14.01056701695154,1597804.8849398156,,,,,,,,
2045,ASK,Emerging Markets - Equities,116693.7,0.9681785185953002,-0.9931766793973247,0.02,-1.0131766793973247,-118231.33547258758,-20099.32703033989,-98132.0084422477,18561.691557752303,1799927.2028847022,,,,,,,,
2045,ASK,Developed Markets - Equities,1137.17,0.00943481581260186,-0.9973275480601016,0.02,-1.0173275480601016,-1156.874367827506,-196.668642530676,-960.2057252968299,176.96427470317016,1799927.2028847022,,,,,,,,
2045,NORMAL,Emerging Markets State - Obligations,687.3895282820341,0.0057030994405869555,-0.9972182655045209,0.02,-1.0172182655045208,-699.2251836850214,0.0,-699.2251836850214,-11.8356554029873,1799927.2028847022,,,,,,,,
2045,NORMAL,High Yield Bonds - Obligations,861.0103726716932,0.007143588275189383,-0.9971971434870474,0.02,-1.0171971434870473,-875.8172915943643,0.0,-875.8172915943643,-14.806918922671116,1799927.2028847022,,,,,,,,
2045,NORMAL,Investment Grade Bonds - Obligations,733.214459284598,0.006083297461669449,-0.997709465865232,0.02,-1.017709465865232,-746.199295723193,0.0,-746.199295723193,-12.984836438595039,1799927.2028847022,,,,,,,,
2045,NORMAL,Government ZC Bonds - Obligations,416.6283909421968,0.003456661827906388,-0.9981444902090424,0.02,-1.0181444902090424,-424.1879007024566,0.0,-424.1879007024566,-7.5595097602598,1799927.2028847022,,,,,,,,
2046,ASK,Emerging Markets - Equities,119076.92,0.9785968357378221,-0.992711539598424,0.02,-1.0127115395984239,-120590.57098383835,-20500.39706725252,-100090.17391658583,18986.74608341417,2027617.9940496176,,,,,,,,
2046,ASK,Developed Markets - Equities,869.05,0.007142018622063404,-0.9969728200857808,0.02,-1.0169728200857808,-883.8002292955478,-150.24603898024313,-733.5541903153046,135.49580968469533,2027617.9940496176,,,,,,,,
2046,NORMAL,Emerging Markets State - Obligations,607.6278636683641,0.004993601654224797,-0.997305323222272,0.02,-1.017305323222272,-618.1430602480037,0.0,-618.1430602480037,-10.515196579639678,2027617.9940496176,,,,,,,,
2046,NORMAL,High Yield Bonds - Obligations,284.29955124988453,0.0023364279262078646,-0.9972856079158517,0.02,-1.0172856079158517,-289.21384182344264,0.0,-289.21384182344264,-4.914290573558105,2027617.9940496176,,,,,,,,
2046,NORMAL,Investment Grade Bonds - Obligations,672.722815183831,0.0055285643789538454,-0.9977335530526578,0.02,-1.0177335530526577,-684.6525809166267,0.0,-684.6525809166267,-11.929765732795659,2027617.9940496176,,,,,,,,
2046,NORMAL,Government ZC Bonds - Obligations,170.66465663437674,0.0014025546928378982,-0.9981231985011579,0.02,-1.0181231985011578,-173.7576460836935,0.0,-173.7576460836935,-3.0929894493167467,2027617.9940496176,,,,,,,,
2047,ASK,Emerging Markets - Equities,117746.48,0.9564214288160908,-0.9940393859915276,0.02,-1.0140393859915275,-119399.56828186367,-20297.926607916826,-99101.64167394684,18644.838326053152,2284111.670296894,,,,,,,,
2047,ASK,Developed Markets - Equities,1193.93,0.009697956461258081,-0.9971719482095796,0.02,-1.0171719482095796,-1214.4321041258634,-206.4534577013968,-1007.9786464244665,185.9513535755335,2284111.670296894,,,,,,,,
2047,NORMAL,Emerging Markets State - Obligations,1608.5935216209152,0.013066151228749963,-0.9974717877224989,0.02,-1.0174717877224988,-1636.6985261624627,0.0,-1636.6985261624627,-28.105004541547487,2284111.670296894,,,,,,,,
2047,NORMAL,High Yield Bonds - Obligations,671.949546266895,0.00545805653920956,-0.9975714917849926,0.02,-1.0175714917849925,-683.7567021990532,0.0,-683.7567021990532,-11.807155932158139,2284111.670296894,,,,,,,,
2047,NORMAL,Investment Grade Bonds - Obligations,1424.8299673956635,0.011573491736114274,-0.9979373206398763,0.02,-1.0179373206398763,-1450.387599378144,0.0,-1450.387599378144,-25.557631982480416,2284111.670296894,,,,,,,,
2047,NORMAL,Government ZC Bonds - Obligations,465.72291261227497,0.0037829357914820334,-0.9980977724053448,0.02,-1.0180977724053448,-474.1514598886862,0.0,-474.1514598886862,-8.428547276411223,2284111.670296894,,,,,,,,
2048,ASK,Emerging Markets - Equities,128960.79,0.9608252744634742,-0.9948531522041447,0.02,-1.0148531522041446,-130876.26424223672,-22248.964921180243,-108627.29932105647,20333.490678943515,2573051.7965894514,,,,,,,,
2048,ASK,Developed Markets - Equities,965.57,0.007194001062367073,-0.9972330615754376,0.02,-1.0172330615754375,-982.2097272653953,-166.9756536351172,-815.2340736302781,150.335926369722,2573051.7965894514,,,,,,,,
2048,NORMAL,Emerging Markets State - Obligations,1681.0145612044364,0.01252443690168422,-0.9978239000261004,0.02,-1.0178239000261005,-1710.9767966857635,0.0,-1710.9767966857635,-29.96223548132707,2573051.7965894514,,,,,,,,
2048,NORMAL,High Yield Bonds - Obligations,1196.1022884399815,0.00891158707679082,-0.9978315531705401,0.02,-1.01783155317054,-1217.4306499937036,0.0,-1217.4306499937036,-21.32836155372206,2573051.7965894514,,,,,,,,
2048,NORMAL,Investment Grade Bonds - Obligations,302.679816295411,0.002255122797918594,-0.9980827007970573,0.02,-1.0180827007970572,-308.1530848507892,0.0,-308.1530848507892,-5.4732685553781835,2573051.7965894514,,,,,,,,
2048,NORMAL,Government ZC Bonds - Obligations,1112.6237133227692,0.00828962807011278,-0.9981692009465263,0.02,-1.0181692009465262,-1132.8391971480007,0.0,-1132.8391971480007,-20.21548382523156,2573051.7965894514,,,,,,,,
2049,ASK,Emerging Markets - Equities,128654.87,0.938926624860148,-0.9964662414747635,0.02,-1.0164662414747634,-130773.3321563243,-22231.46646657513,-108541.86568974916,20113.00431025083,2898542.8488580175,,,,,,,,
2049,ASK,Developed Markets - Equities,2500.26,0.018246963236392324,-0.9974319890088461,0.02,-1.0174319890088461,-2543.8445048392578,-432.45356582267385,-2111.390939016584,388.8690609834163,2898542.8488580175,,,,,,,,
2049,NORMAL,Emerging Markets State - Obligations,2623.076663699434,0.019143282478127157,-0.9981394411518654,0.02,-1.0181394411518654,-2670.6578084774414,0.0,-2670.6578084774414,-47.581144778007456,2898542.8488580175,,,,,,,,
2049,NORMAL,High Yield Bonds - Obligations,345.927933678032,0.0025245911578252707,-0.9980467002388281,0.02,-1.018046700238828,-352.1707914013566,0.0,-352.1707914013566,-6.242857723324619,2898542.8488580175,,,,,,,,
2049,NORMAL,Investment Grade Bonds - Obligations,10.417725258454416,7.602883292051764e-05,-0.9982229127870971,0.02,-1.018222912787097,-10.607566557279169,0.0,-10.607566557279169,-0.18984129882475287,2898542.8488580175,,,,,,,,
2049,NORMAL,Government ZC Bonds - Obligations,2888.800284279522,0.021082540449604496,-0.9982139720083404,0.02,-1.0182139720083403,-2941.416811795075,0.0,-2941.416811795075,-52.61652751555266,2898542.8488580175,,,,,,,,
2050,ASK,Emerging Markets - Equities,134862.64,0.9760072421599897,-0.9960453557445018,0.02,-1.0160453557445017,-137026.55903544268,-23294.51503602526,-113732.04399941742,21130.59600058259,3265208.5192385563,,,,,,,,
2050,ASK,Developed Markets - Equities,920.58,0.006662280576649272,-0.9971799941549501,0.02,-1.01717999415495,-936.3955590191639,-159.18724503325788,-777.208313985906,143.37168601409402,3265208.5192385563,,,,,,,,
2050,NORMAL,Emerging Markets State - Obligations,197.46146484039826,0.0014290378694332905,-0.9981136183663558,0.02,-1.0181136183663557,-201.03820645657882,0.0,-201.03820645657882,-3.5767416161805556,3265208.5192385563,,,,,,,,
2050,NORMAL,High Yield Bonds - Obligations,849.9533559010473,0.0061511522454076924,-0.9979430047078641,0.02,-1.0179430047078641,-865.2040729674447,0.0,-865.2040729674447,-15.250717066397442,3265208.5192385563,,,,,,,,
2050,NORMAL,Investment Grade Bonds - Obligations,17.62975238922755,0.00012758734375490106,-0.9981283100286713,0.02,-1.0181283100286713,-17.949350006268176,0.0,-17.949350006268176,-0.3195976170406247,3265208.5192385563,,,,,,,,
2050,NORMAL,Government ZC Bonds - Obligations,1329.6435564877688,0.009622692694013906,-0.998181925375603,0.02,-1.018181925375603,-1353.8190364079808,0.0,-1353.8190364079808,-24.175479920211956,3265208.5192385563,,,,,,,,
2051,ASK,Emerging Markets - Equities,137461.98,0.9805325931141781,-0.9963786076118601,0.02,-1.0163786076118602,-139713.41583196938,-23751.280691434797,-115962.13514053458,21499.844859465426,3678257.396922234,,,,,,,,
2051,ASK,Developed Markets - Equities,144.79,0.0010328042281727778,-0.9973695757627522,0.02,-1.017369575762752,-147.30494087468887,-25.04183994869711,-122.26310092599175,22.526899074008234,3678257.396922234,,,,,,,,
2051,NORMAL,Emerging Markets State - Obligations,540.9050696697906,0.003858339961289113,-0.9981237176227724,0.02,-1.0181237176227724,-550.7082804132119,0.0,-550.7082804132119,-9.803210743421346,3678257.396922234,,,,,,,,
2051,NORMAL,High Yield Bonds - Obligations,266.2804138036624,0.0018994097469163577,-0.9977835997128514,0.02,-1.0177835997128513,-271.0158380941191,0.0,-271.0158380941191,-4.735424290456706,3678257.396922234,,,,,,,,
2051,NORMAL,Investment Grade Bonds - Obligations,498.360909860927,0.003554867427725658,-0.9981708425720319,0.02,-1.018170842572032,-507.4165474980645,0.0,-507.4165474980645,-9.055637637137522,3678257.396922234,,,,,,,,
2051,NORMAL,Government ZC Bonds - Obligations,1278.8258526106408,0.009122016352461685,-0.9982737969870096,0.02,-1.0182737969870095,-1302.194856622987,0.0,-1302.194856622987,-23.369004012346068,3678257.396922234,,,,,,,,
2052,ASK,Emerging Markets - Equities,136068.79,0.9607647214635024,-0.9961249161119361,0.02,-1.0161249161119361,-138262.88782420265,-23504.69093011445,-114758.1968940882,21310.593105911805,4143556.957632897,,,,,,,,
2052,ASK,Developed Markets - Equities,446.78,0.0031546577452144873,-0.9972675198018494,0.02,-1.0172675198018493,-454.49478249707016,-77.26411302450194,-377.23066947256825,69.54933052743175,4143556.957632897,,,,,,,,
2052,NORMAL,Emerging Markets State - Obligations,1806.7930356116462,0.012757539826742189,-0.9979384946353649,0.02,-1.017938494635365,-1839.2041827881803,0.0,-1839.2041827881803,-32.41114717653409,4143556.957632897,,,,,,,,
2052,NORMAL,High Yield Bonds - Obligations,808.5425664059454,0.005709018016581124,-0.9979293785436307,0.02,-1.0179293785436307,-823.0392321476763,0.0,-823.0392321476763,-14.496665741730908,4143556.957632897,,,,,,,,
2052,NORMAL,Investment Grade Bonds - Obligations,1072.569987532233,0.0075732826412399055,-0.9982874040151319,0.02,-1.018287404015132,-1092.18450822874,0.0,-1092.18450822874,-19.614520696507043,4143556.957632897,,,,,,,,
2052,NORMAL,Government ZC Bonds - Obligations,1422.026774906779,0.010040753344738014,-0.998283228996484,0.02,-1.018283228996484,-1448.0260160715313,0.0,-1448.0260160715313,-25.99924116475222,4143556.957632897,,,,,,,,
2053,ASK,Emerging Markets - Equities,30739.44,0.21550482468412668,-0.9965544965182065,0.02,-1.0165544965182065,-31248.315952451616,-5312.213711916775,-25936.10224053484,4803.337759465157,4667716.912773458,,,,,,,,
2053,ASK,Developed Markets - Equities,8175.53,0.05731614366916959,-0.9975647122791488,0.02,-1.0175647122791487,-8319.130832179548,-1414.2522414705231,-6904.878590709024,1270.6514092909752,4667716.912773458,,,,,,,,
2053,NORMAL,Emerging Markets State - Obligations,24338.046371665638,0.17062660921864384,-0.9980135051245437,0.02,-1.0180135051245436,-24776.459894703017,0.0,-24776.459894703017,-438.4135230373795,4667716.912773458,,,,,,,,
2053,NORMAL,High Yield Bonds - Obligations,29151.629299413988,0.2043731688484521,-0.9979629937407667,0.02,-1.0179629937407666,-29675.279834052508,0.0,-29675.279834052508,-523.6505346385202,4667716.912773458,,,,,,,,
2053,NORMAL,Investment Grade Bonds - Obligations,27275.96840227777,0.19122348320667684,-0.9983718996655451,0.02,-1.018371899665545,-27777.079757044994,0.0,-27777.079757044994,-501.11135476722484,4667716.912773458,,,,,,,,
2053,NORMAL,Government ZC Bonds - Obligations,22958.602569395618,0.16095575006279045,-0.9983573178769499,0.02,-1.0183573178769498,-23380.06093477257,0.0,-23380.06093477257,-421.4583653769514,4667716.912773458,,,,,,,,
2054,ASK,Emerging Markets - Equities,5519.32,0.04354339533405674,-0.9962793384844043,0.02,-1.0162793384844042,-5609.170878483742,-953.5590493422362,-4655.611829141506,863.708170858494,5258183.102239301,,,,,,,,
2054,ASK,Developed Markets - Equities,9439.35,0.0744695630524283,-0.9976359662046977,0.02,-1.0176359662046977,-9605.822057594312,-1632.9897497910333,-7972.832307803279,1466.5176921967213,5258183.102239301,,,,,,,,
2054,NORMAL,Emerging Markets State - Obligations,40744.25946002879,0.32144238733420333,-0.997897153531928,0.02,-1.017897153531928,-41473.46572712963,0.0,-41473.46572712963,-729.2062671008389,5258183.102239301,,,,,,,,
2054,NORMAL,High Yield Bonds - Obligations,45621.07624851855,0.35991690256306746,-0.9980056403632682,0.02,-1.0180056403632682,-46442.51294043461,0.0,-46442.51294043461,-821.4366919160602,5258183.102239301,,,,,,,,
2054,NORMAL,Investment Grade Bonds - Obligations,13389.333778026461,0.10563204415693342,-0.9984273340950959,0.02,-1.0184273340950958,-13636.063504864906,0.0,-13636.063504864906,-246.72972683844455,5258183.102239301,,,,,,,,
2054,NORMAL,Government ZC Bonds - Obligations,12041.131783362753,0.09499571713769814,-0.9983857361719212,0.02,-1.018385736171921,-12262.516855542994,0.0,-12262.516855542994,-221.38507218024097,5258183.102239301,,,,,,,,
2055,ASK,Emerging Markets - Equities,23914.93,0.19270346105194275,-0.9948613888338099,0.02,-1.0148613888338098,-24270.339073663345,-4125.957642522769,-20144.381431140577,3770.5485688594244,5923343.264672574,,,,,,,,
2055,ASK,Developed Markets - Equities,19387.94,0.1562255520157242,-0.9968110695768234,0.02,-1.0168110695768233,-19713.872008291273,-3351.3582414095167,-16362.513766881757,3025.426233118242,5923343.264672574,,,,,,,,
2055,NORMAL,Emerging Markets State - Obligations,6758.954092898861,0.0544627915194736,-0.9974948515669276,0.02,-1.0174948515669275,-6877.200991501803,0.0,-6877.200991501803,-118.24689860294257,5923343.264672574,,,,,,,,
2055,NORMAL,High Yield Bonds - Obligations,38563.43912608266,0.31073928251774247,-0.9976488390686992,0.02,-1.017648839068699,-39244.03905715446,0.0,-39244.03905715446,-680.5999310718034,5923343.264672574,,,,,,,,
2055,NORMAL,Investment Grade Bonds - Obligations,9386.902467681568,0.07563846492878133,-0.9982969630907331,0.02,-1.018296963090733,-9558.654275669049,0.0,-9558.654275669049,-171.7518079874808,5923343.264672574,,,,,,,,
2055,NORMAL,Government ZC Bonds - Obligations,26090.065384878606,0.21023042504149475,-0.9983366716401513,0.02,-1.0183366716401512,-26568.4703469112,0.0,-26568.4703469112,-478.4049620325932,5923343.264672574,,,,,,,,
2056,ASK,Emerging Markets - Equities,9196.55,0.0705388650091869,-0.9963495449388596,0.02,-1.0163495449388595,-9346.909407507468,-1588.9745992762696,-7757.934808231199,1438.6151917688007,6672646.187653654,,,,,,,,
2056,ASK,Developed Markets - Equities,17516.62,0.13435500199501155,-0.9972149833991977,0.02,-1.0172149833991977,-17818.168322510053,-3029.088614826709,-14789.079707683344,2727.540292316655,6672646.187653654,,,,,,,,
2056,NORMAL,Emerging Markets State - Obligations,30883.33364207264,0.23687962364276197,-0.9977075954739998,0.02,-1.0177075954739998,-31430.20322109503,0.0,-31430.20322109503,-546.8695790223901,6672646.187653654,,,,,,,,
2056,NORMAL,High Yield Bonds - Obligations,18306.595508387534,0.14041422809030946,-0.997777010086838,0.02,-1.017777010086838,-18632.032041395803,0.0,-18632.032041395803,-325.4365330082692,6672646.187653654,,,,,,,,
2056,NORMAL,Investment Grade Bonds - Obligations,40478.504630162046,0.31047596912763453,-0.9982313171980799,0.02,-1.01823131719808,-41216.48108777848,0.0,-41216.48108777848,-737.9764576164307,6672646.187653654,,,,,,,,
2056,NORMAL,Government ZC Bonds - Obligations,13994.041498792638,0.107336316794482,-0.9983716667841719,0.02,-1.0183716667841718,-14251.135366172328,0.0,-14251.135366172328,-257.09386737969,6672646.187653654,,,,,,,,
2057,ASK,Emerging Markets - Equities,39693.95,0.3087155695153709,-0.9970019891179994,0.02,-1.0170019891179993,-40368.82610595041,-6862.7004380115695,-33506.12566793884,6187.824332061159,7516735.930391842,,,,,,,,
2057,ASK,Developed Markets - Equities,6899.86,0.053662943835932855,-0.9975600416024675,0.02,-1.0175600416024675,-7021.021828651201,-1193.5737108707042,-5827.448117780496,1072.411882219503,7516735.930391842,,,,,,,,
2057,NORMAL,Emerging Markets State - Obligations,14106.803621982994,0.10971419861721943,-0.9978128055969794,0.02,-1.0178128055969793,-14358.08537249614,0.0,-14358.08537249614,-251.2817505131461,7516735.930391842,,,,,,,,
2057,NORMAL,High Yield Bonds - Obligations,24207.838831500136,0.18827394984885293,-0.9977618197053371,0.02,-1.017761819705337,-24637.8141002811,0.0,-24637.8141002811,-429.97526878096323,7516735.930391842,,,,,,,,
2057,NORMAL,Investment Grade Bonds - Obligations,26825.497290079747,0.2086325163769292,-0.9982750709857818,0.02,-1.0182750709857817,-27315.73515728485,0.0,-27315.73515728485,-490.2378672051018,7516735.930391842,,,,,,,,
2057,NORMAL,Government ZC Bonds - Obligations,16843.796479767498,0.13100087602902766,-0.9983588311399398,0.02,-1.0183588311399399,-17153.028895095063,0.0,-17153.028895095063,-309.23241532756583,7516735.930391842,,,,,,,,
2058,ASK,Emerging Markets - Equities,35451.29,0.2659087555928253,-0.9964065334223917,0.02,-1.0164065334223917,-36032.9227742519,-6125.5968716228235,-29907.325902629076,5543.964097370925,8467603.02558641,,,,,,,,
2058,ASK,Developed Markets - Equities,42453.59,0.31843076196516434,-0.997220551512228,0.02,-1.017220551512228,-43184.664233474,-7341.392919690581,-35843.27131378342,6610.318686216575,8467603.02558641,,,,,,,,
2058,NORMAL,Emerging Markets State - Obligations,1956.3419014250346,0.014673893122705341,-0.9975070081118522,0.02,-1.0175070081118522,-1990.591594962839,0.0,-1990.591594962839,-34.24969353780443,8467603.02558641,,,,,,,,
2058,NORMAL,High Yield Bonds - Obligations,17915.978686302853,0.13438200972947312,-0.9977843046044844,0.02,-1.0177843046044843,-18234.601908547513,0.0,-18234.601908547513,-318.6232222446597,8467603.02558641,,,,,,,,
2058,NORMAL,Investment Grade Bonds - Obligations,5450.155942900118,0.040879871636925254,-0.9981076934353925,0.02,-1.0181076934353925,-5548.845695889237,0.0,-5548.845695889237,-98.68975298911846,8467603.02558641,,,,,,,,
2058,NORMAL,Government ZC Bonds - Obligations,30093.900008275923,0.2257246916017884,-0.9983026379562144,0.02,-1.0183026379562143,-30644.697764817913,0.0,-30644.697764817913,-550.7977565419897,8467603.02558641,,,,,,,,
2059,ASK,Emerging Markets - Equities,17214.21,0.1229857966603786,-0.9962983159324444,0.02,-1.0162983159324444,-17494.77263310744,-2974.1113476282653,-14520.661285479175,2693.5487145208235,9538754.80832309,,,,,,,,
2059,ASK,Developed Markets - Equities,33374.48,0.2384417879720227,-0.9969338044109659,0.02,-1.016933804410966,-33939.6369166377,-5769.738275828409,-28169.89864080929,5204.581359190715,9538754.80832309,,,,,,,,
2059,NORMAL,Emerging Markets State - Obligations,32344.033627842626,0.23107983130973195,-0.9974128574991992,0.02,-1.0174128574991992,-32907.23567635356,0.0,-32907.23567635356,-563.2020485109315,9538754.80832309,,,,,,,,
2059,NORMAL,High Yield Bonds - Obligations,17248.945620100185,0.12323396302470863,-0.9975242259326671,0.02,-1.0175242259326671,-17551.22004024711,0.0,-17551.22004024711,-302.27442014692497,9538754.80832309,,,,,,,,
2059,NORMAL,Investment Grade Bonds - Obligations,20565.018381113754,0.14692542782599982,-0.9979533863517474,0.02,-1.0179533863517474,-20934.230101440677,0.0,-20934.230101440677,-369.21172032692266,9538754.80832309,,,,,,,,
2059,NORMAL,Government ZC Bonds - Obligations,19222.401100621013,0.13733318654095736,-0.998225400761476,0.02,-1.018225400761476,-19572.737064277666,0.0,-19572.737064277666,-350.3359636566529,9538754.80832309,,,,,,,,
2060,ASK,Emerging Markets - Equities,23236.46,0.17033224515405532,-0.9963500216985621,0.02,-1.0163500216985621,-23616.376625197772,-4014.7840262836216,-19601.59259891415,3634.8674010858485,10745407.291575963,,,,,,,,
2060,ASK,Developed Markets - Equities,18842.07,0.1381196656655046,-0.996831886728271,0.02,-1.016831886728271,-19159.217587966155,-3257.0669899542468,-15902.15059801191,2939.919401988091,10745407.291575963,,,,,,,,
2060,NORMAL,Emerging Markets State - Obligations,31463.758258615013,0.23064152565297577,-0.9977505561429448,0.02,-1.0177505561429447,-32022.2574660526,0.0,-32022.2574660526,-558.4992074375878,10745407.291575963,,,,,,,,
2060,NORMAL,High Yield Bonds - Obligations,23384.258140309925,0.17141566272577596,-0.9976147885407918,0.02,-1.0176147885407918,-23796.166902634774,0.0,-23796.166902634774,-411.9087623248488,10745407.291575963,,,,,,,,
2060,NORMAL,Investment Grade Bonds - Obligations,35417.669430902955,0.2596252248530909,-0.997998252023601,0.02,-1.017998252023601,-36055.125571408935,0.0,-36055.125571408935,-637.4561405059794,10745407.291575963,,,,,,,,
2060,NORMAL,Government ZC Bonds - Obligations,4074.2324345681723,0.029865700621328272,-0.9983161409482841,0.02,-1.0183161409482842,-4148.856650095794,0.0,-4148.856650095794,-74.6242155276218,10745407.291575963,,,,,,,,
2061,ASK,Emerging Markets - Equities,38357.51,0.2568998001710837,-0.9966957503724438,0.02,-1.0166957503724439,-38997.91741186852,-6629.645960017649,-32368.27145185087,5989.238548149132,12104701.313960321,,,,,,,,
2061,ASK,Developed Markets - Equities,10197.38,0.06829705276146979,-0.9969776923943741,0.02,-1.016977692394374,-10370.507980868542,-1762.9863567476523,-8607.521624120891,1589.8583758791092,12104701.313960321,,,,,,,,
2061,NORMAL,Emerging Markets State - Obligations,41159.09915512226,0.2756634710692307,-0.997794304376618,0.02,-1.017794304376618,-41891.496693355904,0.0,-41891.496693355904,-732.397538233643,12104701.313960321,,,,,,,,
2061,NORMAL,High Yield Bonds - Obligations,6819.4576213254595,0.04567338443485211,-0.9976610962463814,0.02,-1.0176610962463815,-6939.896718723808,0.0,-6939.896718723808,-120.43909739834817,12104701.313960321,,,,,,,,
2061,NORMAL,Investment Grade Bonds - Obligations,12796.667278483867,0.08570580485277461,-0.9980029240195942,0.02,-1.0180029240195942,-13027.04470720244,0.0,-13027.04470720244,-230.37742871857336,12104701.313960321,,,,,,,,
2061,NORMAL,Government ZC Bonds - Obligations,39979.11018670843,0.2677604833573173,-0.998235958769788,0.02,-1.018235958769788,-40708.16759172606,0.0,-40708.16759172606,-729.0574050176292,12104701.313960321,,,,,,,,
2062,ASK,Emerging Markets - Equities,17374.49,0.11458634984530855,-0.9965470684992973,0.02,-1.0165470684992972,-17661.986876170355,-3002.5377689489605,-14659.449107221393,2715.0408927786075,13635946.030176306,,,,,,,,
2062,ASK,Developed Markets - Equities,12961.53,0.08548247523296867,-0.9966696859689161,0.02,-1.0166696859689162,-13177.594634776686,-2240.191087912037,-10937.403546864649,2024.1264531353518,13635946.030176306,,,,,,,,
2062,NORMAL,Emerging Markets State - Obligations,1445.9192464472783,0.009535969609552436,-0.9980621366468587,0.02,-1.0180621366468587,-1472.0356374569321,0.0,-1472.0356374569321,-26.116391009653853,13635946.030176306,,,,,,,,
2062,NORMAL,High Yield Bonds - Obligations,5445.741208169551,0.035915161092286985,-0.9976936778040058,0.02,-1.0176936778040058,-5542.0963985109,0.0,-5542.0963985109,-96.35519034134904,13635946.030176306,,,,,,,,
2062,NORMAL,Investment Grade Bonds - Obligations,40002.33603333206,0.2638190629678902,-0.9980619339367637,0.02,-1.0180619339367636,-40724.85558408232,0.0,-40724.85558408232,-722.5195507502576,13635946.030176306,,,,,,,,
2062,NORMAL,Government ZC Bonds - Obligations,74397.90757182101,0.4906610015478791,-0.9982912254585806,0.02,-1.0182912254585805,-75758.73647286382,0.0,-75758.73647286382,-1360.8289010428125,13635946.030176306,,,,,,,,
2063,ASK,Emerging Markets - Equities,14442.45,0.09637741530237126,-0.9962869664354916,0.02,-1.0162869664354917,-14677.673698396267,-2495.2045287273654,-12182.469169668902,2259.980830331099,15360893.202993609,,,,,,,,
2063,ASK,Developed Markets - Equities,26943.7,0.17980080697405915,-0.9962187012682181,0.02,-1.016218701268218,-27380.691821360488,-4654.717609631283,-22725.974211729204,4217.725788270796,15360893.202993609,,,,,,,,
2063,NORMAL,Emerging Markets State - Obligations,53038.396174201866,0.35393603821046654,-0.9982033706947047,0.02,-1.0182033706947047,-54003.87376081347,0.0,-54003.87376081347,-965.4775866116033,15360893.202993609,,,,,,,,
2063,NORMAL,High Yield Bonds - Obligations,13250.060657330603,0.08842035795541352,-0.9974899346046732,0.02,-1.017489934604673,-13481.803351735267,0.0,-13481.803351735267,-231.74269440466378,15360893.202993609,,,,,,,,
2063,NORMAL,Investment Grade Bonds - Obligations,308.88209504056454,0.002061233236271616,-0.9980447629400576,0.02,-1.0180447629400575,-314.4557992219998,0.0,-314.4557992219998,-5.573704181435289,15360893.202993609,,,,,,,,
2063,NORMAL,Government ZC Bonds - Obligations,41869.56553718717,0.2794041527792957,-0.9983541023657159,0.02,-1.0183541023657159,-42638.04382906475,0.0,-42638.04382906475,-768.4782918775818,15360893.202993609,,,,,,,,
2064,ASK,Emerging Markets - Equities,28794.22,0.18783003499199086,-0.9961931445892045,0.02,-1.0161931445892045,-29260.488967793364,-4974.283124524873,-24286.205843268493,4508.0141567315095,17304046.1931723,,,,,,,,
2064,ASK,Developed Markets - Equities,42854.76,0.2795495439839443,-0.9960579406654415,0.02,-1.0160579406654415,-43542.91919331174,-7402.296262862997,-36140.62293044874,6714.137069551259,17304046.1931723,,,,,,,,
2064,NORMAL,Emerging Markets State - Obligations,5077.749242417462,0.03312309963193401,-0.998253631861705,0.02,-1.018253631861705,-5170.436607774602,0.0,-5170.436607774602,-92.68736535714015,17304046.1931723,,,,,,,,
2064,NORMAL,High Yield Bonds - Obligations,15699.403034976054,0.10241011638491751,-0.9975194928512209,0.02,-1.0175194928512208,-15974.448614215751,0.0,-15974.448614215751,-275.04557923969696,17304046.1931723,,,,,,,,
2064,NORMAL,Investment Grade Bonds - Obligations,40583.783207593246,0.2647355413687056,-0.9981162078655744,0.02,-1.0181162078655743,-41319.00746015341,0.0,-41319.00746015341,-735.2242525601614,17304046.1931723,,,,,,,,
2064,NORMAL,Government ZC Bonds - Obligations,20289.417673007167,0.13235163277519077,-0.9983539354749493,0.02,-1.0183539354749493,-20661.808335801838,0.0,-20661.808335801838,-372.3906627946708,17304046.1931723,,,,,,,,
2065,ASK,Emerging Markets - Equities,8338.73,0.05210806215137816,-0.9964795564169567,0.02,-1.0164795564169566,-8476.148571480768,-1440.9452571517306,-7035.203314329037,1303.5266856709625,19493008.0366086,,,,,,,,
2065,ASK,Developed Markets - Equities,24807.09,0.15501753714472488,-0.9966582384422914,0.02,-1.0166582384422913,-25220.33242027938,-4287.456511447495,-20932.875908831884,3874.2140911681145,19493008.0366086,,,,,,,,
2065,NORMAL,Emerging Markets State - Obligations,26713.425322915933,0.16693007532354479,-0.9982915372582364,0.02,-1.0182915372582364,-27202.054937505167,0.0,-27202.054937505167,-488.6296145892338,19493008.0366086,,,,,,,,
2065,NORMAL,High Yield Bonds - Obligations,38955.443176124085,0.2434294735716295,-0.9976557582584251,0.02,-1.0176557582584251,-39643.23106369155,0.0,-39643.23106369155,-687.7878875674651,19493008.0366086,,,,,,,,
2065,NORMAL,Investment Grade Bonds - Obligations,5503.866427630365,0.03439322461380171,-0.9981558976681532,0.02,-1.018155897668153,-5603.794063269605,0.0,-5603.794063269605,-99.92763563924018,19493008.0366086,,,,,,,,
2065,NORMAL,Government ZC Bonds - Obligations,55709.07840096591,0.3481216108104628,-0.9983606895951107,0.02,-1.0183606895951107,-56731.93549711573,0.0,-56731.93549711573,-1022.857096149819,19493008.0366086,,,,,,,,
2066,ASK,Emerging Markets - Equities,13501.7,0.08729800684200585,-0.997360870560919,0.02,-1.017360870560919,-13736.10126605236,-2335.1372152289014,-11400.964050823459,2100.735949176543,21958873.553239588,,,,,,,,
2066,ASK,Developed Markets - Equities,8934.53,0.05776803373427839,-0.9971321056152573,0.02,-1.0171321056152574,-9087.597311582686,-1544.8915429690567,-7542.705768613629,1391.8242313863718,21958873.553239588,,,,,,,,
2066,NORMAL,Emerging Markets State - Obligations,28667.43079313993,0.185355145612942,-0.9982743999541938,0.02,-1.0182743999541937,-29191.310889112938,0.0,-29191.310889112938,-523.880095973007,21958873.553239588,,,,,,,,
2066,NORMAL,High Yield Bonds - Obligations,33596.0976213825,0.2172224505074284,-0.9977505748610191,0.02,-1.0177505748610192,-34192.447667248955,0.0,-34192.447667248955,-596.3500458664566,21958873.553239588,,,,,,,,
2066,NORMAL,Investment Grade Bonds - Obligations,21008.82860439261,0.13583688448482742,-0.9982282448624811,0.02,-1.018228244862481,-21391.782676467374,0.0,-21391.782676467374,-382.95407207476455,21958873.553239588,,,,,,,,
2066,NORMAL,Government ZC Bonds - Obligations,48953.597935206984,0.31651951439363213,-0.9982771969309207,0.02,-1.0182771969309206,-49848.33248514587,0.0,-49848.33248514587,-894.734549938883,21958873.553239588,,,,,,,,
2067,ASK,Emerging Markets - Equities,2350.51,0.015223893056766406,-0.9962206660052816,0.02,-1.0162206660052815,-2388.6368376520745,-406.0682624008527,-1982.5685752512218,367.9414247487784,24736671.057724394,,,,,,,,
2067,ASK,Developed Markets - Equities,48408.26,0.3135328815040748,-0.9964477736203152,0.02,-1.0164477736203152,-49204.468101833365,-8364.759577311672,-40839.708524521695,7568.551475478309,24736671.057724394,,,,,,,,
2067,NORMAL,Emerging Markets State - Obligations,25799.20249499524,0.1670974808589066,-0.9980333483889271,0.02,-1.018033348388927,-26264.448501743962,0.0,-26264.448501743962,-465.2460067487227,24736671.057724394,,,,,,,,
2067,NORMAL,High Yield Bonds - Obligations,13827.90313036214,0.08956120946346054,-0.9973494101823024,0.02,-1.0173494101823024,-14067.809093731936,0.0,-14067.809093731936,-239.90596336979615,24736671.057724394,,,,,,,,
2067,NORMAL,Investment Grade Bonds - Obligations,5005.508539080403,0.032419911718601965,-0.9980569258874686,0.02,-1.0180569258874685,-5095.892635799669,0.0,-5095.892635799669,-90.38409671926547,24736671.057724394,,,,,,,,
2067,NORMAL,Government ZC Bonds - Obligations,59004.72968680685,0.38216459176747064,-0.9982967926404349,0.02,-1.018296792640435,-60084.32699069127,0.0,-60084.32699069127,-1079.5973038844168,24736671.057724394,,,,,,,,
2068,ASK,Emerging Markets - Equities,46415.11,0.28847922138706034,-0.996031500647694,0.02,-1.0160315006476939,-47159.213866027785,-8017.066357224724,-39142.147508803064,7272.9624911969395,27865859.946526535,,,,,,,,
2068,ASK,Developed Markets - Equities,3132.07,0.019466443469158427,-0.9964542423939355,0.02,-1.0164542423939356,-3183.605838974774,-541.2129926257116,-2642.3928463490624,489.6771536509377,27865859.946526535,,,,,,,,
2068,NORMAL,Emerging Markets State - Obligations,22141.65303952685,0.13761481614640456,-0.9980028041240349,0.02,-1.0180028041240348,-22540.26488217979,0.0,-22540.26488217979,-398.61184265293923,27865859.946526535,,,,,,,,
2068,NORMAL,High Yield Bonds - Obligations,21048.82617415411,0.13082267791310961,-0.9972545075543333,0.02,-1.0172545075543333,-21412.013304385902,0.0,-21412.013304385902,-363.18713023179225,27865859.946526535,,,,,,,,
2068,NORMAL,Investment Grade Bonds - Obligations,13445.687861286611,0.08356764780342889,-0.9980182253269752,0.02,-1.0180182253269752,-13687.955294847448,0.0,-13687.955294847448,-242.26743356083716,27865859.946526535,,,,,,,,
2068,NORMAL,Government ZC Bonds - Obligations,54712.50017410209,0.3400491661091479,-0.9982362644256937,0.02,-1.0182362644256937,-55710.25179466783,0.0,-55710.25179466783,-997.7516205657375,27865859.946526535,,,,,,,,
2069,ASK,Emerging Markets - Equities,25921.91,0.15987002032026146,-0.9933588213594221,0.02,-1.013358821359422,-26268.196164985016,-4465.593348047453,-21802.602816937564,4119.307183062437,31390891.229762137,,,,,,,,
2069,ASK,Developed Markets - Equities,28489.18,0.17570332531466956,-0.9955098016853192,0.02,-1.0155098016853192,-28931.041531977364,-4918.277060436152,-24012.76447154121,4476.415528458789,31390891.229762137,,,,,,,,
2069,NORMAL,Emerging Markets State - Obligations,25052.877183201384,0.15451037305350646,-0.9976699253096968,0.02,-1.0176699253096968,-25495.55965182156,0.0,-25495.55965182156,-442.6824686201762,31390891.229762137,,,,,,,,
2069,NORMAL,High Yield Bonds - Obligations,33055.61717586068,0.20386623476447646,-0.9969078860518672,0.02,-1.0169078860518672,-33614.51778444428,0.0,-33614.51778444428,-558.9006085836008,31390891.229762137,,,,,,,,
2069,NORMAL,Investment Grade Bonds - Obligations,22384.913257887216,0.1380560513251423,-0.9978454471813071,0.02,-1.017845447181307,-22784.38204508898,0.0,-22784.38204508898,-399.4687872017639,31390891.229762137,,,,,,,,
2069,NORMAL,Government ZC Bonds - Obligations,27239.165039383108,0.16799402005304134,-0.998240046624737,0.02,-1.018240046624737,-27736.008679720362,0.0,-27736.008679720362,-496.8436403372543,31390891.229762137,,,,,,,,
2070,ASK,Emerging Markets - Equities,37592.9,0.22832771026115534,-0.9933716627346889,0.02,-1.013371662734689,-38095.579580018886,-6476.2485286032115,-31619.331051415676,5973.568948584327,35361838.97032705,,,,,,,,
2070,ASK,Developed Markets - Equities,49196.88,0.29880671516144874,-0.9956148586302627,0.02,-1.0156148586302627,-49965.08232625,-8494.0639954625,-41471.0183307875,7725.8616692125,35361838.97032705,,,,,,,,
2070,NORMAL,Emerging Markets State - Obligations,16951.04795715732,0.102955450805465,-0.9977357403970363,0.02,-1.0177357403970362,-17251.687343183174,0.0,-17251.687343183174,-300.63938602585404,35361838.97032705,,,,,,,,
2070,NORMAL,High Yield Bonds - Obligations,13059.633754493994,0.07932019801645813,-0.9969589087988399,0.02,-1.0169589087988398,-13281.110892282708,0.0,-13281.110892282708,-221.47713778871366,35361838.97032705,,,,,,,,
2070,NORMAL,Investment Grade Bonds - Obligations,4763.361465382978,0.028931192234095186,-0.9978037196766655,0.02,-1.0178037196766654,-4848.167017631286,0.0,-4848.167017631286,-84.80555224830823,35361838.97032705,,,,,,,,
2070,NORMAL,Government ZC Bonds - Obligations,43080.67013681234,0.261658737922706,-0.9982320222166152,0.02,-1.0182320222166152,-43866.11787185338,0.0,-43866.11787185338,-785.447735041038,35361838.97032705,,,,,,,,
2071,ASK,Emerging Markets - Equities,1303.84,0.10594243584877198,-0.9917133766298251,0.02,-1.011713376629825,-1319.1123689850308,-224.24910272745524,-1094.8632662575756,208.97673374242436,39835111.60007343,,,,,,,,
2071,ASK,Developed Markets - Equities,3112.27,0.25288491288736165,-0.9953801533591156,0.02,-1.0153801533591156,-3160.1371898949747,-537.2233222821458,-2622.9138676128287,489.3561323871711,39835111.60007343,,,,,,,,
2071,NORMAL,Emerging Markets State - Obligations,2098.481344920831,0.17051035806856663,-0.9974336501490791,0.02,-1.017433650149079,-2135.0655345325495,0.0,-2135.0655345325495,-36.58418961171856,39835111.60007343,,,,,,,,
2071,NORMAL,High Yield Bonds - Obligations,2796.4335243311525,0.2272218824831333,-0.9968299911101427,0.02,-1.0168299911101426,-2843.4974756857505,0.0,-2843.4974756857505,-47.063951354597975,39835111.60007343,,,,,,,,
2071,NORMAL,Investment Grade Bonds - Obligations,2730.690575093203,0.22187999376814482,-0.9977466237987157,0.02,-1.0177466237987156,-2779.1511134400803,0.0,-2779.1511134400803,-48.460538346877456,39835111.60007343,,,,,,,,
2071,NORMAL,Government ZC Bonds - Obligations,265.3486810022976,0.02156068659854137,-0.9982139574866408,0.02,-1.0182139574866407,-270.18173059720965,0.0,-270.18173059720965,-4.8330495949120404,39835111.60007343,,,,,,,,
2072,ASK,Emerging Markets - Equities,9.42,0.016779744772286036,-0.9909300481397265,0.02,-1.0109300481397265,-9.522961053476223,-1.618903379090958,-7.904057674385265,1.5159423256147349,44874253.217482716,,,,,,,,
2072,ASK,Developed Markets - Equities,68.48,0.12198268811105603,-0.994992128318111,0.02,-1.014992128318111,-69.50666094722423,-11.81613236102812,-57.69052858619611,10.789471413803891,44874253.217482716,,,,,,,,
2072,NORMAL,Emerging Markets State - Obligations,89.87128640260265,0.16008675670835382,-0.9973313444451207,0.02,-1.0173313444451206,-91.42887662297224,0.0,-91.42887662297224,-1.5575902203695904,44874253.217482716,,,,,,,,
2072,NORMAL,High Yield Bonds - Obligations,16.66510825398019,0.029685378248864646,-0.9966513664250762,0.02,-1.0166513664250763,-16.942605078030777,0.0,-16.942605078030777,-0.27749682405058707,44874253.217482716,,,,,,,,
2072,NORMAL,Investment Grade Bonds - Obligations,160.313830073586,0.2855653027709561,-0.9977671937617877,0.02,-1.0177671937617876,-163.16215695519767,0.0,-163.16215695519767,-2.8483268816116833,44874253.217482716,,,,,,,,
2072,NORMAL,Government ZC Bonds - Obligations,216.63824076283692,0.3858953702672459,-0.9981898171423422,0.02,-1.0181898171423422,-220.57885074835164,0.0,-220.57885074835164,-3.940609985514726,44874253.217482716,,,,,,,,
2073,ASK,Emerging Markets - Equities,0.81,0.22002559844856365,-0.9911518702741727,0.02,-1.0111518702741726,-0.8190330149220799,-0.1392356125367536,-0.6797974023853264,0.13020259761467373,50550846.249494284,,,,,,,,
2073,ASK,Developed Markets - Equities,0.05,0.013581827064726151,-0.9951521102348444,0.02,-1.0151521102348444,-0.05075760551174222,-0.008628792936996178,-0.042128812574746044,0.007871187425253959,50550846.249494284,,,,,,,,
2073,NORMAL,Emerging Markets State - Obligations,0.8355624284901972,0.2269692881107294,-0.9976499184801043,0.02,-1.0176499184801042,-0.8503100372380872,0.0,-0.8503100372380872,-0.01474760874788994,50550846.249494284,,,,,,,,
2073,NORMAL,High Yield Bonds - Obligations,0.5243061832361622,0.14242071819360352,-0.9971900403390714,0.02,-1.0171900403390715,-0.5333190276760164,0.0,-0.5333190276760164,-0.009012844439854173,50550846.249494284,,,,,,,,
2073,NORMAL,Investment Grade Bonds - Obligations,0.7498104361227799,0.2036759134949298,-0.9979439101129319,0.02,-1.017943910112932,-0.7632649671903053,0.0,-0.7632649671903053,-0.013454531067525477,50550846.249494284,,,,,,,,
2073,NORMAL,Government ZC Bonds - Obligations,0.7069789079874941,0.1920413053339017,-0.9982130956430096,0.02,-1.0182130956430095,-0.7198551824562608,0.0,-0.7198551824562608,-0.012876274468766713,50550846.249494284,,,,,,,,
2074,ASK,Emerging Markets - Equities,0.02,0.22731786455178893,-0.9907210464053313,0.02,-1.0107210464053313,-0.020214420928106627,-0.0034364515577781267,-0.0167779693703285,0.0032220306296715006,56945528.30005531,,,,,,,,
2074,ASK,Developed Markets - Equities,0.01,0.11365893227589446,-0.994638611160714,0.02,-1.014638611160714,-0.01014638611160714,-0.001724885638973214,-0.008421500472633927,0.0015784995273660737,56945528.30005531,,,,,,,,
2074,NORMAL,Emerging Markets State - Obligations,0.027437500523379513,0.3118517013806611,-0.9975873614941216,0.02,-1.0175873614941215,-0.02792005376357934,0.0,-0.02792005376357934,-0.00048255324019982546,56945528.30005531,,,,,,,,
2074,NORMAL,High Yield Bonds - Obligations,0.0009601922123606173,0.010913442163653668,-0.9969272108034766,0.02,-1.0169272108034766,-0.000976445588351102,0.0,-0.000976445588351102,-1.6253375990484768e-05,56945528.30005531,,,,,,,,
2074,NORMAL,Investment Grade Bonds - Obligations,0.006329941337198014,0.07194543737549738,-0.9979119446229087,0.02,-1.0179119446229086,-0.006443322895896164,0.0,-0.006443322895896164,-0.00011338155869815032,56945528.30005531,,,,,,,,
2074,NORMAL,Government ZC Bonds - Obligations,0.03033268885487445,0.34475810283019537,-0.9982054496500011,0.02,-1.018205449650001,-0.030884909094571013,0.0,-0.030884909094571013,-0.0005522202396965638,56945528.30005531,,,,,,,,
2074,,,,,,,,,,,,,GOAL A,0.003636121742452551,0.003636121742452551,7000000.0,0.0,1.0,1.0,True
