Year,Account,Asset,Invested,Weight,Return (Nominal),Inflation Rate,Return (Inflation Adjusted),Gross Gain,Tax,Net Gain,End Value,TOTAL ASK Cap (DKK),Goal B Allocation (%),Goal B Amount Taken (DKK),Goal B Utility Net Δ,Goal B Utility Loss,Goal B Value Now,Goal B Utility φ_before,Goal B Utility φ_after,Goal C Allocation (%),Goal C Amount Taken (DKK),Goal C Utility Net Δ,Goal C Utility Loss,Goal C Value Now,Goal C Utility φ_before,Goal C Utility φ_after,Goal D Allocation (%),Goal D Amount Taken (DKK),Goal D Utility Net Δ,Goal D Utility Loss,Goal D Value Now,Goal D Utility φ_before,Goal D Utility φ_after,Goal A Allocation (%),Goal A Amount Taken (DKK),Goal A Utility Net Δ,Goal A Utility Loss,Goal A Value Now,Goal A Utility φ_before,Goal A Utility φ_after
2026,ASK,Emerging Markets - Equities,50430.34,0.957928548,0.084,0.02,0.98,49421.7332,8401.694644,41020.03856,91450.37856,187224.3,,,,,,,,,,,,,,,,,,,,,,,,,,,,
2026,ASK,Developed Markets - Equities,514.02,0.009763853,0.068,0.02,0.98,503.7396,85.635732,418.103868,932.123868,187224.3,,,,,,,,,,,,,,,,,,,,,,,,,,,,
2026,NORMAL,Emerging Markets State - Obligations,62.02342568,0.00117814,0.0483,0.02,0.98,60.78295717,16.41139843,44.37155873,106.3949844,187224.3,,,,,,,,,,,,,,,,,,,,,,,,,,,,
2026,NORMAL,High Yield Bonds - Obligations,571.3654512,0.010853135,0.0493,0.02,0.98,559.9381422,151.1832984,408.7548438,980.1202951,187224.3,,,,,,,,,,,,,,,,,,,,,,,,,,,,
2026,NORMAL,Investment Grade Bonds - Obligations,497.7657796,0.009455103,0.0363,0.02,0.98,487.8104641,131.7088253,356.1016388,853.8674184,187224.3,,,,,,,,,,,,,,,,,,,,,,,,,,,,
2026,NORMAL,Government ZC Bonds - Obligations,569.6793556,0.010821107,0.0283,0.02,0.98,558.2857685,150.7371575,407.548611,977.2279665,187224.3,,,,,,,,,,,,,,,,,,,,,,,,,,,,
2027,ASK,Emerging Markets - Equities,139922.82,0.942420398,0.084,0.02,0.98,137124.3636,23311.14181,113813.2218,253736.0418,210908.174,,,,,,,,,,,,,,,,,,,,,,,,,,,,
2027,ASK,Developed Markets - Equities,839.4,0.0056536,0.068,0.02,0.98,822.612,139.84404,682.76796,1522.16796,210908.174,,,,,,,,,,,,,,,,,,,,,,,,,,,,
2027,NORMAL,Emerging Markets State - Obligations,2373.425058,0.0159857,0.0483,0.02,0.98,2325.956557,628.0082703,1697.948286,4071.373344,210908.174,,,,,,,,,,,,,,,,,,,,,,,,,,,,
2027,NORMAL,High Yield Bonds - Obligations,872.5431568,0.005876829,0.0493,0.02,0.98,855.0922937,230.8749193,624.2173744,1496.760531,210908.174,,,,,,,,,,,,,,,,,,,,,,,,,,,,
2027,NORMAL,Investment Grade Bonds - Obligations,1982.146462,0.013350326,0.0363,0.02,0.98,1942.503533,524.4759538,1418.027579,3400.174041,210908.174,,,,,,,,,,,,,,,,,,,,,,,,,,,,
2027,NORMAL,Government ZC Bonds - Obligations,2481.425876,0.016713116,0.0283,0.02,0.98,2431.797359,656.5852868,1775.212072,4256.637948,210908.174,,,,,,,,,,,,,,,,,,,,,,,,,,,,
2028,ASK,Emerging Markets - Equities,45255.06,0.138181833,0.084,0.02,0.98,44349.9588,7539.492996,36810.4658,82065.5258,237588.058,,,,,,,,,,,,,,,,,,,,,,,,,,,,
2028,NORMAL,Emerging Markets - Equities,27489.48,0.083936398,0.084,0.02,0.98,26939.6904,10326.35667,16613.33373,44102.81373,237588.058,,,,,,,,,,,,,,,,,,,,,,,,,,,,
2028,ASK,Developed Markets - Equities,626.4,0.00191265,0.068,0.02,0.98,613.872,104.35824,509.51376,1135.91376,237588.058,,,,,,,,,,,,,,,,,,,,,,,,,,,,
2028,NORMAL,Developed Markets - Equities,380.5,0.001161819,0.068,0.02,0.98,372.89,142.9339047,229.9560953,610.4560953,237588.058,,,,,,,,,,,,,,,,,,,,,,,,,,,,
2028,NORMAL,Emerging Markets State - Obligations,1131.643137,0.00345536,0.0483,0.02,0.98,1109.010275,425.0990074,683.9112672,1815.554405,237588.058,,,,,,,,,,,,,,,,,,,,,,,,,,,,
2028,NORMAL,High Yield Bonds - Obligations,1089.734046,0.003327395,0.0493,0.02,0.98,1067.939365,409.3559585,658.5834063,1748.317452,237588.058,,,,,,,,,,,,,,,,,,,,,,,,,,,,
2028,NORMAL,Investment Grade Bonds - Obligations,734.2584549,0.002241985,0.0363,0.02,0.98,719.5732858,275.8224126,443.7508732,1178.009328,237588.058,,,,,,,,,,,,,,,,,,,,,,,,,,,,
2028,NORMAL,Government ZC Bonds - Obligations,250796.6049,0.765782533,0.0283,0.02,0.98,245780.6728,94211.13801,151569.5348,402366.1397,237588.058,,,,,,,,,,,,,,,,,,,,,,,,,,,,
2029,ASK,Emerging Markets - Equities,29933.16,0.050338842,0.084,0.02,0.98,29334.4968,4986.864456,24347.63234,54280.79234,267642.9473,42.57425743,250000,0.768307161,0.031692839,0.8,"0.5903, 0.0, 1","0.5586, 0.0, 1",,,,,,,,,,,,,,,,,,,,,
2029,NORMAL,Emerging Markets - Equities,306661.21,0.515714681,0.084,0.02,0.98,300527.9858,120722.1746,179805.8112,486467.0212,267642.9473,42.57425743,250000,0.768307161,0.031692839,0.8,"0.5903, 0.0, 1","0.5586, 0.0, 1",,,,,,,,,,,,,,,,,,,,,
2029,ASK,Developed Markets - Equities,121.73,0.000204714,0.068,0.02,0.98,119.2954,20.280218,99.015182,220.745182,267642.9473,42.57425743,250000,0.768307161,0.031692839,0.8,"0.5903, 0.0, 1","0.5586, 0.0, 1",,,,,,,,,,,,,,,,,,,,,
2029,NORMAL,Developed Markets - Equities,1247.11,0.002097275,0.068,0.02,0.98,1222.1678,490.9451417,731.2226583,1978.332658,267642.9473,42.57425743,250000,0.768307161,0.031692839,0.8,"0.5903, 0.0, 1","0.5586, 0.0, 1",,,,,,,,,,,,,,,,,,,,,
2029,NORMAL,Emerging Markets State - Obligations,769.4699902,0.001294024,0.0483,0.02,0.98,754.0805904,302.9143807,451.1662097,1220.6362,267642.9473,42.57425743,250000,0.768307161,0.031692839,0.8,"0.5903, 0.0, 1","0.5586, 0.0, 1",,,,,,,,,,,,,,,,,,,,,
2029,NORMAL,High Yield Bonds - Obligations,1345.960726,0.002263513,0.0493,0.02,0.98,1319.041511,529.8593381,789.1821731,2135.142899,267642.9473,42.57425743,250000,0.768307161,0.031692839,0.8,"0.5903, 0.0, 1","0.5586, 0.0, 1",,,,,,,,,,,,,,,,,,,,,
2029,NORMAL,Investment Grade Bonds - Obligations,327.2361771,0.000550316,0.0363,0.02,0.98,320.6914536,128.8218452,191.8696084,519.1057856,267642.9473,42.57425743,250000,0.768307161,0.031692839,0.8,"0.5903, 0.0, 1","0.5586, 0.0, 1",,,,,,,,,,,,,,,,,,,,,
2029,NORMAL,Government ZC Bonds - Obligations,254227.5952,0.427536639,0.0283,0.02,0.98,249143.0433,100080.8291,149062.2142,403289.8094,267642.9473,42.57425743,250000,0.768307161,0.031692839,0.8,"0.5903, 0.0, 1","0.5586, 0.0, 1",,,,,,,,,,,,,,,,,,,,,
2030,ASK,Emerging Markets - Equities,33676.95,0.044293218,0.084,0.02,0.98,33003.411,5610.57987,27392.83113,61069.78113,301499.7801,,,,,,,,,,,,,,,,,,,,,,,,,,,,
2030,NORMAL,Emerging Markets - Equities,386795.92,0.508728848,0.084,0.02,0.98,379060.0016,153814.2637,225245.7379,612041.6579,301499.7801,,,,,,,,,,,,,,,,,,,,,,,,,,,,
2030,ASK,Developed Markets - Equities,179.88,0.000236585,0.068,0.02,0.98,176.2824,29.968008,146.314392,326.194392,301499.7801,,,,,,,,,,,,,,,,,,,,,,,,,,,,
2030,NORMAL,Developed Markets - Equities,2066.05,0.002717348,0.068,0.02,0.98,2024.729,821.5907746,1203.138225,3269.188225,301499.7801,,,,,,,,,,,,,,,,,,,,,,,,,,,,
2030,NORMAL,Emerging Markets State - Obligations,4866.570378,0.0064007,0.0483,0.02,0.98,4769.238971,1935.252935,2833.986036,7700.556414,301499.7801,,,,,,,,,,,,,,,,,,,,,,,,,,,,
2030,NORMAL,High Yield Bonds - Obligations,14062.78896,0.01849592,0.0493,0.02,0.98,13781.53318,5592.244946,8189.288231,22252.07719,301499.7801,,,,,,,,,,,,,,,,,,,,,,,,,,,,
2030,NORMAL,Investment Grade Bonds - Obligations,2239.590655,0.002945596,0.0363,0.02,0.98,2194.798842,890.6013992,1304.197442,3543.788097,301499.7801,,,,,,,,,,,,,,,,,,,,,,,,,,,,
2030,NORMAL,Government ZC Bonds - Obligations,316430.6787,0.41618178,0.0283,0.02,0.98,310102.0651,125832.6403,184269.4249,500700.1035,301499.7801,,,,,,,,,,,,,,,,,,,,,,,,,,,,
2031,ASK,Emerging Markets - Equities,37802.47,0.029725647,0.084,0.02,0.98,37046.4206,6297.891502,30748.5291,68550.9991,339639.5023,,,,,,,,,,,,,,,,,,,,,,,,,,,,
2031,NORMAL,Emerging Markets - Equities,889645.08,0.699564757,0.084,0.02,0.98,871852.1784,358875.826,512976.3524,1402621.432,339639.5023,,,,,,,,,,,,,,,,,,,,,,,,,,,,
2031,ASK,Developed Markets - Equities,337.26,0.000265202,0.068,0.02,0.98,330.5148,56.187516,274.327284,611.587284,339639.5023,,,,,,,,,,,,,,,,,,,,,,,,,,,,
2031,NORMAL,Developed Markets - Equities,7937,0.006241192,0.068,0.02,0.98,7778.26,3201.723355,4576.536645,12513.53664,339639.5023,,,,,,,,,,,,,,,,,,,,,,,,,,,,
2031,NORMAL,Emerging Markets State - Obligations,975.6103892,0.000767163,0.0483,0.02,0.98,956.0981814,393.5535554,562.5446261,1538.155015,339639.5023,,,,,,,,,,,,,,,,,,,,,,,,,,,,
2031,NORMAL,High Yield Bonds - Obligations,7379.536211,0.005802835,0.0493,0.02,0.98,7231.945487,2976.846849,4255.098638,11634.63485,339639.5023,,,,,,,,,,,,,,,,,,,,,,,,,,,,
2031,NORMAL,Investment Grade Bonds - Obligations,1510.609161,0.001187855,0.0363,0.02,0.98,1480.396978,609.3678508,871.029127,2381.638288,339639.5023,,,,,,,,,,,,,,,,,,,,,,,,,,,,
2031,NORMAL,Government ZC Bonds - Obligations,326124.7056,0.256445357,0.0283,0.02,0.98,319602.2114,131556.1404,188046.071,514170.7766,339639.5023,,,,,,,,,,,,,,,,,,,,,,,,,,,,
2032,ASK,Emerging Markets - Equities,42781.12,0.02055282,0.084,0.02,0.98,41925.4976,7127.334592,34798.16301,77579.28301,382603.8993,,,,,,,,,,,,,,,,,,,,,,,,,,,,
2032,NORMAL,Emerging Markets - Equities,1706996.91,0.820072049,0.084,0.02,0.98,1672856.972,694121.7007,978735.2711,2685732.181,382603.8993,,,,,,,,,,,,,,,,,,,,,,,,,,,,
2032,ASK,Developed Markets - Equities,183.28,8.81E-05,0.068,0.02,0.98,179.6144,30.534448,149.079952,332.359952,382603.8993,,,,,,,,,,,,,,,,,,,,,,,,,,,,
2032,NORMAL,Developed Markets - Equities,7312.97,0.003513282,0.068,0.02,0.98,7166.7106,2973.696756,4193.013844,11505.98384,382603.8993,,,,,,,,,,,,,,,,,,,,,,,,,,,,
2032,NORMAL,Emerging Markets State - Obligations,1042.568264,0.000500869,0.0483,0.02,0.98,1021.716899,423.9429214,597.7739778,1640.342242,382603.8993,,,,,,,,,,,,,,,,,,,,,,,,,,,,
2032,NORMAL,High Yield Bonds - Obligations,1748.612368,0.000840065,0.0493,0.02,0.98,1713.64012,711.0439295,1002.596191,2751.208559,382603.8993,,,,,,,,,,,,,,,,,,,,,,,,,,,,
2032,NORMAL,Investment Grade Bonds - Obligations,4003.390094,0.001923301,0.0363,0.02,0.98,3923.322292,1627.911524,2295.410769,6298.800863,382603.8993,,,,,,,,,,,,,,,,,,,,,,,,,,,,
2032,NORMAL,Government ZC Bonds - Obligations,317451.8078,0.152509564,0.0283,0.02,0.98,311102.7717,129086.4602,182016.3114,499468.1193,382603.8993,,,,,,,,,,,,,,,,,,,,,,,,,,,,
2033,ASK,Emerging Markets - Equities,35620.04,0.01062181,0.084,0.02,0.98,34907.6392,5934.298664,28973.34054,64593.38054,431003.2926,,,,,,,,,,,,,,,,,,,,,,,,,,,,
2033,NORMAL,Emerging Markets - Equities,2044899.27,0.609784035,0.084,0.02,0.98,2004001.285,835416.0636,1168585.221,3213484.491,431003.2926,,,,,,,,,,,,,,,,,,,,,,,,,,,,
2033,ASK,Developed Markets - Equities,12779.36,0.003810774,0.068,0.02,0.98,12523.7728,2129.041376,10394.73142,23174.09142,431003.2926,,,,,,,,,,,,,,,,,,,,,,,,,,,,
2033,NORMAL,Developed Markets - Equities,733645.88,0.218771434,0.068,0.02,0.98,718972.9624,299721.1462,419251.8162,1152897.696,431003.2926,,,,,,,,,,,,,,,,,,,,,,,,,,,,
2033,NORMAL,Emerging Markets State - Obligations,27377.24109,0.008163827,0.0483,0.02,0.98,26829.69627,11184.60323,15645.09304,43022.33412,431003.2926,,,,,,,,,,,,,,,,,,,,,,,,,,,,
2033,NORMAL,High Yield Bonds - Obligations,16347.04816,0.00487465,0.0493,0.02,0.98,16020.1072,6678.366424,9341.740772,25688.78893,431003.2926,,,,,,,,,,,,,,,,,,,,,,,,,,,,
2033,NORMAL,Investment Grade Bonds - Obligations,1903.197473,0.000567529,0.0363,0.02,0.98,1865.133524,777.5257024,1087.607821,2990.805295,431003.2926,,,,,,,,,,,,,,,,,,,,,,,,,,,,
2033,NORMAL,Government ZC Bonds - Obligations,480909.1159,0.14340594,0.0283,0.02,0.98,471290.9335,196468.9442,274821.9894,755731.1052,431003.2926,,,,,,,,,,,,,,,,,,,,,,,,,,,,
2034,ASK,Emerging Markets - Equities,54141.29,0.01011904,0.084,0.02,0.98,53058.4642,9019.938914,44038.52529,98179.81529,485525.2091,," 8,415,108.71 ",,,,,,78.57142857,0,-0.030024042,0.270024042,0.24,"1, 1","0.73, 1",,,,,,,,,,,,,,
2034,NORMAL,Emerging Markets - Equities,777649.2,0.145343111,0.084,0.02,0.98,762096.216,318593.6615,443502.5545,1221151.755,485525.2091,,,,,,,,78.57142857,0,-0.030024042,0.270024042,0.24,"1, 1","0.73, 1",,,,,,,,,,,,,,
2034,ASK,Developed Markets - Equities,380.62,7.11E-05,0.068,0.02,0.98,373.0076,63.411292,309.596308,690.216308,485525.2091,,,,,,,,78.57142857,0,-0.030024042,0.270024042,0.24,"1, 1","0.73, 1",,,,,,,,,,,,,,
2034,NORMAL,Developed Markets - Equities,5467.02,0.001021789,0.068,0.02,0.98,5357.6796,2239.773305,3117.906295,8584.926295,485525.2091,,,,,,,,78.57142857,0,-0.030024042,0.270024042,0.24,"1, 1","0.73, 1",,,,,,,,,,,,,,
2034,NORMAL,Emerging Markets State - Obligations,12819.55993,0.002395984,0.0483,0.02,0.98,12563.16873,5252.02178,7311.146949,20130.70688,485525.2091,,,,,,,,78.57142857,0,-0.030024042,0.270024042,0.24,"1, 1","0.73, 1",,,,,,,,,,,,,,
2034,NORMAL,High Yield Bonds - Obligations,29092.71133,0.005437446,0.0493,0.02,0.98,28510.8571,11918.93906,16591.91804,45684.62937,485525.2091,,,,,,,,78.57142857,0,-0.030024042,0.270024042,0.24,"1, 1","0.73, 1",,,,,,,,,,,,,,
2034,NORMAL,Investment Grade Bonds - Obligations,28982.81923,0.005416907,0.0363,0.02,0.98,28403.16284,11873.91757,16529.24528,45512.0645,485525.2091,,,,,,,,78.57142857,0,-0.030024042,0.270024042,0.24,"1, 1","0.73, 1",,,,,,,,,,,,,,
2034,NORMAL,Government ZC Bonds - Obligations,4441904.064,0.830194584,0.0283,0.02,0.98,4353065.983,1819795.455,2533270.528,6975174.593,485525.2091,,,,,,,,78.57142857,0,-0.030024042,0.270024042,0.24,"1, 1","0.73, 1",,,,,,,,,,,,,,
2035,NORMAL,Government ZC Bonds - Obligations,8484651.855,1,0.0343,0.02,0.02,169693.0371,61146.07558,108546.9615,8593198.817,546944.1481,,,,,,,,,,,,,,,,,,,,,,,,,,,,
2036,ASK,Emerging Markets - Equities,63504.74,0.007324322,0.063,0.02,0.02,1270.0948,215.916116,1054.178684,64558.91868,616132.5828,,,,,,,,,,,,,,,,,,,,,,,,,,,,
2036,NORMAL,Emerging Markets - Equities,60452.65,0.006972309,0.063,0.02,0.02,1209.053,436.1279581,772.9250419,61225.57504,616132.5828,,,,,,,,,,,,,,,,,,,,,,,,,,,,
2036,ASK,Developed Markets - Equities,67102.64,0.007739286,0.063,0.02,0.02,1342.0528,228.148976,1113.903824,68216.54382,616132.5828,,,,,,,,,,,,,,,,,,,,,,,,,,,,
2036,NORMAL,Developed Markets - Equities,63877.63,0.007367329,0.063,0.02,0.02,1277.5526,460.8370409,816.7155591,64694.34556,616132.5828,,,,,,,,,,,,,,,,,,,,,,,,,,,,
2036,NORMAL,Emerging Markets State - Obligations,42425.91272,0.004893194,0.0343,0.02,0.02,848.5182543,306.0763537,542.4419006,42968.35462,616132.5828,,,,,,,,,,,,,,,,,,,,,,,,,,,,
2036,NORMAL,High Yield Bonds - Obligations,95351.85905,0.010997411,0.0343,0.02,0.02,1907.037181,687.903865,1219.133316,96570.99237,616132.5828,,,,,,,,,,,,,,,,,,,,,,,,,,,,
2036,NORMAL,Investment Grade Bonds - Obligations,130378.7915,0.015037244,0.0343,0.02,0.02,2607.57583,940.6012162,1666.974614,132045.7661,616132.5828,,,,,,,,,,,,,,,,,,,,,,,,,,,,
2036,NORMAL,Government ZC Bonds - Obligations,8147297.498,0.939668906,0.0343,0.02,0.02,162945.95,58777.64203,104168.3079,8251465.806,616132.5828,,,,,,,,,,,,,,,,,,,,,,,,,,,,
2037,ASK,Emerging Markets - Equities,55669.82,0.00628348,0.063,0.02,0.02,1113.3964,189.277388,924.119012,56593.93901,694073.3545,,,,,,,,,,,,,,,,,,,,,,,,,,,,
2037,NORMAL,Emerging Markets - Equities,96543.81,0.010896948,0.063,0.02,0.02,1930.8762,699.6571821,1231.219018,97775.02902,694073.3545,,,,,,,,,,,,,,,,,,,,,,,,,,,,
2037,ASK,Developed Markets - Equities,22270.95,0.002513733,0.063,0.02,0.02,445.419,75.72123,369.69777,22640.64777,694073.3545,,,,,,,,,,,,,,,,,,,,,,,,,,,,
2037,NORMAL,Developed Markets - Equities,38622.76,0.00435937,0.063,0.02,0.02,772.4552,279.9008184,492.5543816,39115.31438,694073.3545,,,,,,,,,,,,,,,,,,,,,,,,,,,,
2037,NORMAL,Emerging Markets State - Obligations,251691.8873,0.028408588,0.0343,0.02,0.02,5033.837746,1824.022033,3209.815713,254901.703,694073.3545,,,,,,,,,,,,,,,,,,,,,,,,,,,,
2037,NORMAL,High Yield Bonds - Obligations,53346.91699,0.006021293,0.0343,0.02,0.02,1066.93834,386.6074233,680.3309166,54027.24791,694073.3545,,,,,,,,,,,,,,,,,,,,,,,,,,,,
2037,NORMAL,Investment Grade Bonds - Obligations,111772.3019,0.012615795,0.0343,0.02,0.02,2235.446039,810.0187242,1425.427314,113197.7292,694073.3545,,,,,,,,,,,,,,,,,,,,,,,,,,,,
2037,NORMAL,Government ZC Bonds - Obligations,8229792.682,0.928900792,0.0343,0.02,0.02,164595.8536,59641.66483,104954.1888,8334746.871,694073.3545,,,,,,,,,,,,,,,,,,,,,,,,,,,,
2038,ASK,Emerging Markets - Equities,46603.71,0.00514859,0.063,0.02,0.02,932.0742,158.452614,773.621586,47377.33159,781873.6339,,,,,,,,,,,,,,,,,,,,,,,,,,,,
2038,NORMAL,Emerging Markets - Equities,173489.16,0.019166382,0.063,0.02,0.02,3469.7832,1261.348549,2208.434651,175697.5947,781873.6339,,,,,,,,,,,,,,,,,,,,,,,,,,,,
2038,ASK,Developed Markets - Equities,41196.57,0.004551231,0.063,0.02,0.02,823.9314,140.068338,683.863062,41880.43306,781873.6339,,,,,,,,,,,,,,,,,,,,,,,,,,,,
2038,NORMAL,Developed Markets - Equities,153360.29,0.016942625,0.063,0.02,0.02,3067.2058,1115.002109,1952.203691,155312.4937,781873.6339,,,,,,,,,,,,,,,,,,,,,,,,,,,,
2038,NORMAL,Emerging Markets State - Obligations,42749.48674,0.004722791,0.0343,0.02,0.02,854.9897349,310.809062,544.1806729,43293.66742,781873.6339,,,,,,,,,,,,,,,,,,,,,,,,,,,,
2038,NORMAL,High Yield Bonds - Obligations,78520.54239,0.008674632,0.0343,0.02,0.02,1570.410848,570.8816172,999.5292305,79520.07162,781873.6339,,,,,,,,,,,,,,,,,,,,,,,,,,,,
2038,NORMAL,Investment Grade Bonds - Obligations,243957.4141,0.02695143,0.0343,0.02,0.02,4879.148283,1773.686208,3105.462074,247062.8762,781873.6339,,,,,,,,,,,,,,,,,,,,,,,,,,,,
2038,NORMAL,Government ZC Bonds - Obligations,8271865.784,0.91384232,0.0343,0.02,0.02,165437.3157,60140.39094,105296.9247,8377162.708,781873.6339,,,,,,,,,,,,,,,,,,,,,,,,,,,,
2039,ASK,Emerging Markets - Equities,56613.9,0.006122514,0.063,0.02,0.02,1132.278,192.48726,939.79074,57553.69074,880780.6486,,,,,,,,,,,,,,,11.23595506,300000,0.144,0,0.144,1,1,,,,,,,
2039,NORMAL,Emerging Markets - Equities,84182.62,0.009103935,0.063,0.02,0.02,1683.6524,613.9600513,1069.692349,85252.31235,880780.6486,,,,,,,,,,,,,,,11.23595506,300000,0.144,0,0.144,1,1,,,,,,,
2039,ASK,Developed Markets - Equities,42293.11,0.004573791,0.063,0.02,0.02,845.8622,143.796574,702.065626,42995.17563,880780.6486,,,,,,,,,,,,,,,11.23595506,300000,0.144,0,0.144,1,1,,,,,,,
2039,NORMAL,Developed Markets - Equities,62888.18,0.006801046,0.063,0.02,0.02,1257.7636,458.6556016,799.1079984,63687.288,880780.6486,,,,,,,,,,,,,,,11.23595506,300000,0.144,0,0.144,1,1,,,,,,,
2039,NORMAL,Emerging Markets State - Obligations,99202.57581,0.010728269,0.0343,0.02,0.02,1984.051516,723.5034801,1260.548036,100463.1238,880780.6486,,,,,,,,,,,,,,,11.23595506,300000,0.144,0,0.144,1,1,,,,,,,
2039,NORMAL,High Yield Bonds - Obligations,165372.4759,0.017884217,0.0343,0.02,0.02,3307.449517,1206.093298,2101.35622,167473.8321,880780.6486,,,,,,,,,,,,,,,11.23595506,300000,0.144,0,0.144,1,1,,,,,,,
2039,NORMAL,Investment Grade Bonds - Obligations,797.2562704,8.62E-05,0.0343,0.02,0.02,15.94512541,5.814543438,10.13058197,807.3868524,880780.6486,,,,,,,,,,,,,,,11.23595506,300000,0.144,0,0.144,1,1,,,,,,,
2039,NORMAL,Government ZC Bonds - Obligations,8735488.972,0.944700009,0.0343,0.02,0.02,174709.7794,63709.6025,111000.1769,8846489.149,880780.6486,,,,,,,,,,,,,,,11.23595506,300000,0.144,0,0.144,1,1,,,,,,,
2040,ASK,Emerging Markets - Equities,49217.92,0.005377243,0.063,0.02,0.02,984.3584,167.340928,817.017472,50034.93747,992199.4006,,,,,,,,,,,,,,,,,,,,,,,,,,,,
2040,ASK,Developed Markets - Equities,42705.42,0.004665728,0.063,0.02,0.02,854.1084,145.198428,708.909972,43414.32997,992199.4006,,,,,,,,,,,,,,,,,,,,,,,,,,,,
2040,NORMAL,Emerging Markets State - Obligations,35872.60121,0.003919217,0.0343,0.02,0.02,717.4520242,261.2452107,456.2068136,36328.80803,992199.4006,,,,,,,,,,,,,,,,,,,,,,,,,,,,
2040,NORMAL,High Yield Bonds - Obligations,112845.9659,0.012328847,0.0343,0.02,0.02,2256.919317,821.8101594,1435.109158,114281.075,992199.4006,,,,,,,,,,,,,,,,,,,,,,,,,,,,
2040,NORMAL,Investment Grade Bonds - Obligations,115496.4419,0.012618421,0.0343,0.02,0.02,2309.928837,841.1124721,1468.816365,116965.2582,992199.4006,,,,,,,,,,,,,,,,,,,,,,,,,,,,
2040,NORMAL,Government ZC Bonds - Obligations,8796864.036,0.961090543,0.0343,0.02,0.02,175937.2807,64063.89614,111873.3846,8908737.421,992199.4006,,,,,,,,,,,,,,,,,,,,,,,,,,,,
2041,ASK,Emerging Markets - Equities,57535.36,0.006147646,0.063,0.02,0.02,1150.7072,195.620224,955.086976,58490.44698,1117712.625,,,,,,,,,,,,,,,,,,,,,,,,,,,,
2041,ASK,Developed Markets - Equities,9701.58,0.001036613,0.063,0.02,0.02,194.0316,32.985372,161.046228,9862.626228,1117712.625,,,,,,,,,,,,,,,,,,,,,,,,,,,,
2041,NORMAL,Emerging Markets State - Obligations,36544.30147,0.003904754,0.0343,0.02,0.02,730.8860295,267.1504071,463.7356224,37008.0371,1117712.625,,,,,,,,,,,,,,,,,,,,,,,,,,,,
2041,NORMAL,High Yield Bonds - Obligations,15326.56057,0.001637641,0.0343,0.02,0.02,306.5312114,112.0420074,194.489204,15521.04977,1117712.625,,,,,,,,,,,,,,,,,,,,,,,,,,,,
2041,NORMAL,Investment Grade Bonds - Obligations,55455.59393,0.005925423,0.0343,0.02,0.02,1109.111879,405.3979388,703.7139398,56159.30787,1117712.625,,,,,,,,,,,,,,,,,,,,,,,,,,,,
2041,NORMAL,Government ZC Bonds - Obligations,9184361.671,0.981347923,0.0343,0.02,0.02,183687.2334,67140.58991,116546.6435,9300908.314,1117712.625,,,,,,,,,,,,,,,,,,,,,,,,,,,,
2042,ASK,Emerging Markets - Equities,15770.73,0.001648278,0.063,0.02,0.02,315.4146,53.620482,261.794118,16032.52412,1259103.272,,,,,,,,,,,,,,,,,,,,,,,,,,,,
2042,ASK,Developed Markets - Equities,7477.38,0.000781498,0.063,0.02,0.02,149.5476,25.423092,124.124508,7601.504508,1259103.272,,,,,,,,,,,,,,,,,,,,,,,,,,,,
2042,NORMAL,Emerging Markets State - Obligations,19325.38104,0.002019792,0.0343,0.02,0.02,386.5076208,141.8329939,244.6746269,19570.05567,1259103.272,,,,,,,,,,,,,,,,,,,,,,,,,,,,
2042,NORMAL,High Yield Bonds - Obligations,6709.72996,0.000701267,0.0343,0.02,0.02,134.1945992,49.24410477,84.95049443,6794.680454,1259103.272,,,,,,,,,,,,,,,,,,,,,,,,,,,,
2042,NORMAL,Investment Grade Bonds - Obligations,4726.976847,0.00049404,0.0343,0.02,0.02,94.53953694,34.69226697,59.84726997,4786.824117,1259103.272,,,,,,,,,,,,,,,,,,,,,,,,,,,,
2042,NORMAL,Government ZC Bonds - Obligations,9513994.45,0.994355124,0.0343,0.02,0.02,190279.889,69825.18556,120454.7035,9634449.154,1259103.272,,,,,,,,,,,,,,,,,,,,,,,,,,,,
2043,ASK,Emerging Markets - Equities,29248,0.002990535,0.063,0.02,0.02,584.96,99.4432,485.5168,29733.5168,1418379.836,,,,,,,,,,,,,,,,,,,,,,,,,,,,
2043,ASK,Developed Markets - Equities,25096.48,0.002566052,0.063,0.02,0.02,501.9296,85.328032,416.601568,25513.08157,1418379.836,,,,,,,,,,,,,,,,,,,,,,,,,,,,
2043,NORMAL,Emerging Markets State - Obligations,3749.454873,0.000383372,0.0343,0.02,0.02,74.98909746,27.59208626,47.39701119,3796.851884,1418379.836,,,,,,,,,,,,,,,,,,,,,,,,,,,,
2043,NORMAL,High Yield Bonds - Obligations,14522.39549,0.001484879,0.0343,0.02,0.02,290.4479098,106.8697191,183.5781907,14705.97368,1418379.836,,,,,,,,,,,,,,,,,,,,,,,,,,,,
2043,NORMAL,Investment Grade Bonds - Obligations,1871.851721,0.000191392,0.0343,0.02,0.02,37.43703441,13.77488086,23.66215356,1895.513874,1418379.836,,,,,,,,,,,,,,,,,,,,,,,,,,,,
2043,NORMAL,Government ZC Bonds - Obligations,9705701.972,0.992383769,0.0343,0.02,0.02,194114.0394,71423.86698,122690.1725,9828392.145,1418379.836,,,,,,,,,,,,,,,,,,,,,,,,,,,,
2044,NORMAL,Government ZC Bonds - Obligations,10004997.59,1,0.0343,0.02,0.02,200099.9518,73916.97977,126182.9721,10131180.56,1597804.885,,,,,,,,,,,,,,,,,,,,,,,,,,,,
2045,NORMAL,Government ZC Bonds - Obligations,10233150.68,1,0.0343,0.02,0.02,204663.0136,75833.4657,128829.5479,10361980.23,1799927.203,,,,,,,,,,,,,,,,,,,,,,,,,,,,
2046,NORMAL,Government ZC Bonds - Obligations,10464970.04,1,0.0343,0.02,0.02,209299.4008,77780.74835,131518.6525,10596488.69,2027617.994,,,,,,,,,,,,,,,,,,,,,,,,,,,,
2047,NORMAL,Government ZC Bonds - Obligations,10700508.41,1,0.0343,0.02,0.02,214010.1682,79759.27063,134250.8975,10834759.31,2284111.67,,,,,,,,,,,,,,,,,,,,,,,,,,,,
2048,NORMAL,Government ZC Bonds - Obligations,10950221.19,1,0.0343,0.02,0.02,219004.4238,81856.85798,137147.5658,11087368.75,2573051.797,,,,,,,,,,,,,,,,,,,,,,,,,,,,
2049,NORMAL,Government ZC Bonds - Obligations,11203985.26,1,0.0343,0.02,0.02,224079.7051,83988.47614,140091.229,11344076.48,2898542.849,,,,,,,,,,,,,,,,,,,,,,,,,,,,
2050,NORMAL,Government ZC Bonds - Obligations,11461859.15,1,0.0343,0.02,0.02,229237.183,86154.61686,143082.5661,11604941.72,3265208.519,,,,,,,,,,,,,,,,,,,,,,,,,,,,
2051,NORMAL,Government ZC Bonds - Obligations,11723902.21,1,0.0343,0.02,0.02,234478.0442,88355.77856,146122.2656,11870024.47,3678257.397,,,,,,,,,,,,,,,,,,,,,,,,,,,,
2052,NORMAL,Government ZC Bonds - Obligations,11990174.57,1,0.0343,0.02,0.02,239803.4914,90592.46641,149211.025,12139385.6,4143556.958,,,,,,,,,,,,,,,,,,,,,,,,,,,,
2053,NORMAL,Government ZC Bonds - Obligations,12260737.2,1,0.0343,0.02,0.02,245214.7439,92865.19245,152349.5515,12413086.75,4667716.913,,,,,,,,,,,,,,,,,,,,,,,,,,,,
2054,NORMAL,Government ZC Bonds - Obligations,12535651.86,1,0.0343,0.02,0.02,250713.0372,95174.47564,155538.5616,12691190.42,5258183.102,,,,,,,,,,,,,,,,,,,,,,,,,,,,
2055,NORMAL,Government ZC Bonds - Obligations,12814981.19,1,0.0343,0.02,0.02,256299.6238,97520.84199,158778.7818,12973759.97,5923343.265,,,,,,,,,,,,,,,,,,,,,,,,,,,,
2056,NORMAL,Government ZC Bonds - Obligations,13098788.64,1,0.0343,0.02,0.02,261975.7729,99904.82462,162070.9483,13260859.59,6672646.188,,,,,,,,,,,,,,,,,,,,,,,,,,,,
2057,NORMAL,Government ZC Bonds - Obligations,13387138.55,1,0.0343,0.02,0.02,267742.7711,102326.9638,165415.8072,13552554.36,7516735.93,,,,,,,,,,,,,,,,,,,,,,,,,,,,
2058,NORMAL,Government ZC Bonds - Obligations,13680096.11,1,0.0343,0.02,0.02,273601.9222,104787.8073,168814.1149,13848910.23,8467603.026,,,,,,,,,,,,,,,,,,,,,,,,,,,,
2059,NORMAL,Government ZC Bonds - Obligations,13977727.39,1,0.0343,0.02,0.02,279554.5479,107287.9101,172266.6378,14149994.03,9538754.808,,,,,,,,,,,,,,,,,,,,,,,,,,,,
2060,NORMAL,Government ZC Bonds - Obligations,14280099.37,1,0.0343,0.02,0.02,285601.9874,109827.8347,175774.1527,14455873.52,10745407.29,,,,,,,,,,,,,,,,,,,,,,,,,,,,
2061,NORMAL,Government ZC Bonds - Obligations,14600290.45,1,0.0343,0.02,0.02,292005.809,112517.4398,179488.3692,14779778.82,12104701.31,,,,,,,,,,,,,,,,,,,,,,,,,,,,
2062,NORMAL,Government ZC Bonds - Obligations,14925639.91,1,0.0343,0.02,0.02,298512.7983,115250.3753,183262.423,15108902.34,13635946.03,,,,,,,,,,,,,,,,,,,,,,,,,,,,
2063,NORMAL,Government ZC Bonds - Obligations,15256222.04,1,0.0343,0.02,0.02,305124.4409,118027.2652,187097.1757,15443319.22,15360893.2,,,,,,,,,,,,,,,,,,,,,,,,,,,,
2064,NORMAL,Government ZC Bonds - Obligations,15592112.12,1,0.0343,0.02,0.02,311842.2424,120848.7418,190993.5006,15783105.62,17304046.19,,,,,,,,,,,,,,,,,,,,,,,,,,,,
2065,NORMAL,Government ZC Bonds - Obligations,15933386.45,1,0.0343,0.02,0.02,318667.7291,123715.4462,194952.2829,16128338.74,19493008.04,,,,,,,,,,,,,,,,,,,,,,,,,,,,
2066,NORMAL,Government ZC Bonds - Obligations,16280122.38,1,0.0343,0.02,0.02,325602.4476,126628.028,198974.4196,16479096.8,21958873.55,,,,,,,,,,,,,,,,,,,,,,,,,,,,
2067,NORMAL,Government ZC Bonds - Obligations,16632398.28,1,0.0343,0.02,0.02,332647.9655,129587.1455,203060.82,16835459.1,24736671.06,,,,,,,,,,,,,,,,,,,,,,,,,,,,
2068,NORMAL,Government ZC Bonds - Obligations,16990293.59,1,0.0343,0.02,0.02,339805.8718,132593.4661,207212.4056,17197505.99,27865859.95,,,,,,,,,,,,,,,,,,,,,,,,,,,,
2069,NORMAL,Government ZC Bonds - Obligations,17353888.83,1,0.0343,0.02,0.02,347077.7766,135647.6662,211430.1104,17565318.94,31390891.23,,,,,,,,,,,,,,,,,,,,,,,,,,,,
2070,NORMAL,Government ZC Bonds - Obligations,17723265.61,1,0.0343,0.02,0.02,354465.3121,138750.4311,215714.881,17938980.49,35361838.97,,,,,,,,,,,,,,,,,,,,,,,,,,,,
2071,NORMAL,Government ZC Bonds - Obligations,17938980.49,1,0.0343,0.02,0.02,358779.6097,140562.4361,218217.1737,18157197.66,39835111.6,,,,,,,,,,,,,,,,,,,,,,,,,,,,
2072,NORMAL,Government ZC Bonds - Obligations,18157197.66,1,0.0343,0.02,0.02,363143.9532,142395.4604,220748.4929,18377946.15,44874253.22,,,,,,,,,,,,,,,,,,,,,,,,,,,,
2073,NORMAL,Government ZC Bonds - Obligations,18377946.15,1,0.0343,0.02,0.02,367558.9231,144249.7477,223309.1754,18601255.33,50550846.25,,,,,,,,,,,,,,,,,,,,,,,,,,,,
2074,NORMAL,Government ZC Bonds - Obligations,18601255.33,1,0.0343,0.02,0.02,372025.1066,146125.5448,225899.5618,18827154.89,56945528.3,,,,,,,,,,,,,,,,,,,,,,100,7000000,1,0,1,,
2075,NORMAL,Government ZC Bonds - Obligations,11827154.89,1,0.0343,0.02,0.02,236543.0978,89223.10108,147319.9967,11974474.89,64149137.63,,,,,,,,,,,,,,,,,,,,,,,,,,,,
