Year,Goal,Reason
2028,Goal A,Required return > 100% (109.26%)
2029,Goal A,Required return > 100% (127.66%)
2029,Goal A,Required return > 100% (102.82%)
2030,Goal A,Required return > 100% (158.36%)
2030,Goal A,Required return > 100% (124.91%)
2030,Goal A,Required return > 100% (107.40%)
2031,Goal A,Required return > 100% (214.61%)
2031,Goal A,Required return > 100% (164.55%)
2031,Goal A,Required return > 100% (139.05%)
2031,Goal A,Required return > 100% (122.46%)
2031,Goal A,Required return > 100% (110.39%)
2031,Goal A,Required return > 100% (101.02%)
2032,Goal A,Required return > 100% (338.07%)
2032,Goal A,Required return > 100% (247.70%)
2032,Goal A,Required return > 100% (203.74%)
2032,Goal A,Required return > 100% (175.97%)
2032,Goal A,Required return > 100% (156.19%)
2032,Goal A,Required return > 100% (141.08%)
2032,Goal A,Required return > 100% (129.01%)
2032,Goal A,Required return > 100% (119.04%)
2032,Goal A,Required return > 100% (110.60%)
2032,Goal A,Required return > 100% (103.34%)
2033,Goal A,Required return > 100% (757.52%)
2033,Goal A,Required return > 100% (506.36%)
2033,Goal A,Required return > 100% (395.09%)
2033,Goal A,Required return > 100% (328.76%)
2033,Goal A,Required return > 100% (283.49%)
2033,Goal A,Required return > 100% (250.08%)
2033,Goal A,Required return > 100% (224.11%)
2033,Goal A,Required return > 100% (203.18%)
2033,Goal A,Required return > 100% (185.84%)
2033,Goal A,Required return > 100% (171.17%)
2033,Goal A,Required return > 100% (158.55%)
2033,Goal A,Required return > 100% (147.54%)
2033,Goal A,Required return > 100% (137.83%)
2033,Goal A,Required return > 100% (129.18%)
2033,Goal A,Required return > 100% (121.41%)
2033,Goal A,Required return > 100% (114.38%)
2033,Goal A,Required return > 100% (107.98%)
2033,Goal A,Required return > 100% (102.12%)
2034,Goal A,Required return > 100% (6427.17%)
2034,Goal A,Required return > 100% (3163.59%)
2034,Goal A,Required return > 100% (2075.72%)
2034,Goal A,Required return > 100% (1531.79%)
2034,Goal A,Required return > 100% (1205.43%)
2034,Goal A,Required return > 100% (987.86%)
2034,Goal A,Required return > 100% (832.45%)
2034,Goal A,Required return > 100% (715.90%)
2034,Goal A,Required return > 100% (625.24%)
2034,Goal A,Required return > 100% (552.72%)
2034,Goal A,Required return > 100% (493.38%)
2034,Goal A,Required return > 100% (443.93%)
2034,Goal A,Required return > 100% (402.09%)
2034,Goal A,Required return > 100% (366.23%)
2034,Goal A,Required return > 100% (335.14%)
2034,Goal A,Required return > 100% (307.95%)
2034,Goal A,Required return > 100% (283.95%)
2034,Goal A,Required return > 100% (262.62%)
2034,Goal A,Required return > 100% (243.54%)
2034,Goal A,Required return > 100% (226.36%)
2034,Goal A,Required return > 100% (210.82%)
2034,Goal A,Required return > 100% (196.69%)
2034,Goal A,Required return > 100% (183.79%)
2034,Goal A,Required return > 100% (171.97%)
2034,Goal A,Required return > 100% (161.09%)
2034,Goal A,Required return > 100% (151.05%)
2034,Goal A,Required return > 100% (141.75%)
2034,Goal A,Required return > 100% (133.11%)
2034,Goal A,Required return > 100% (125.07%)
2034,Goal A,Required return > 100% (117.57%)
2034,Goal A,Required return > 100% (110.55%)
2034,Goal A,Required return > 100% (103.97%)
2035,Goal A,Required return > 100% (inf%)
2035,Goal A,Required return > 100% (inf%)
2035,Goal A,Required return > 100% (inf%)
2035,Goal A,Required return > 100% (inf%)
2035,Goal A,Required return > 100% (inf%)
2035,Goal A,Required return > 100% (inf%)
2035,Goal A,Required return > 100% (inf%)
2035,Goal A,Required return > 100% (inf%)
2035,Goal A,Required return > 100% (inf%)
2035,Goal A,Required return > 100% (inf%)
2035,Goal A,Required return > 100% (inf%)
2035,Goal A,Required return > 100% (inf%)
2035,Goal A,Required return > 100% (inf%)
2035,Goal A,Required return > 100% (inf%)
2035,Goal A,Required return > 100% (inf%)
2035,Goal A,Required return > 100% (inf%)
2035,Goal A,Required return > 100% (inf%)
2035,Goal A,Required return > 100% (inf%)
2035,Goal A,Required return > 100% (inf%)
2035,Goal A,Required return > 100% (inf%)
2035,Goal A,Required return > 100% (inf%)
2035,Goal A,Required return > 100% (inf%)
2035,Goal A,Required return > 100% (inf%)
2035,Goal A,Required return > 100% (inf%)
2035,Goal A,Required return > 100% (inf%)
2035,Goal A,Required return > 100% (inf%)
2035,Goal A,Required return > 100% (inf%)
2035,Goal A,Required return > 100% (inf%)
2035,Goal A,Required return > 100% (inf%)
2035,Goal A,Required return > 100% (inf%)
2035,Goal A,Required return > 100% (inf%)
2035,Goal A,Required return > 100% (inf%)
2035,Goal A,Required return > 100% (inf%)
2035,Goal A,Required return > 100% (inf%)
2035,Goal A,Required return > 100% (inf%)
2035,Goal A,Required return > 100% (inf%)
2035,Goal A,Required return > 100% (inf%)
2035,Goal A,Required return > 100% (inf%)
2035,Goal A,Required return > 100% (inf%)
2035,Goal A,Required return > 100% (inf%)
2035,Goal A,Required return > 100% (inf%)
2035,Goal A,Required return > 100% (inf%)
2035,Goal A,Required return > 100% (inf%)
2035,Goal A,Required return > 100% (inf%)
2035,Goal A,Required return > 100% (inf%)
2035,Goal A,Required return > 100% (inf%)
2035,Goal A,Required return > 100% (inf%)
2035,Goal A,Required return > 100% (inf%)
2035,Goal A,Required return > 100% (inf%)
2035,Goal A,Required return > 100% (inf%)
2035,Goal A,Required return > 100% (inf%)
2035,Goal A,Required return > 100% (inf%)
2035,Goal A,Required return > 100% (inf%)
2035,Goal A,Required return > 100% (inf%)
2035,Goal A,Required return > 100% (inf%)
2035,Goal A,Required return > 100% (inf%)
2035,Goal A,Required return > 100% (inf%)
2035,Goal A,Required return > 100% (inf%)
2037,Goal B,Required return > 100% (107.66%)
2038,Goal B,Required return > 100% (186.10%)
2038,Goal B,Required return > 100% (102.30%)
2039,Goal B,Required return > 100% (653.16%)
2039,Goal B,Required return > 100% (276.58%)
2039,Goal B,Required return > 100% (151.05%)
2040,Goal B,Required return > 100% (inf%)
2040,Goal B,Required return > 100% (inf%)
2040,Goal B,Required return > 100% (inf%)
2040,Goal B,Required return > 100% (inf%)
2040,Goal B,Required return > 100% (inf%)
2040,Goal B,Required return > 100% (inf%)
2041,Goal C,Required return > 100% (124.87%)
2041,Goal B,Required return > 100% (103.36%)
2041,Goal B,Required return > 100% (119.01%)
2041,Goal B,Required return > 100% (134.65%)
2041,Goal B,Required return > 100% (150.29%)
2041,Goal B,Required return > 100% (165.94%)
2041,Goal B,Required return > 100% (181.58%)
2041,Goal B,Required return > 100% (197.22%)
2041,Goal B,Required return > 100% (212.86%)
2041,Goal B,Required return > 100% (228.51%)
2041,Goal B,Required return > 100% (244.15%)
2041,Goal B,Required return > 100% (259.79%)
2041,Goal B,Required return > 100% (275.44%)
2041,Goal B,Required return > 100% (291.08%)
2041,Goal B,Required return > 100% (306.72%)
2041,Goal B,Required return > 100% (322.37%)
2041,Goal B,Required return > 100% (338.01%)
2041,Goal B,Required return > 100% (353.65%)
2041,Goal B,Required return > 100% (369.30%)
2041,Goal B,Required return > 100% (384.94%)
2041,Goal B,Required return > 100% (400.58%)
2041,Goal B,Required return > 100% (416.23%)
2041,Goal B,Required return > 100% (431.87%)
2041,Goal B,Required return > 100% (447.51%)
2041,Goal B,Required return > 100% (463.16%)
2041,Goal B,Required return > 100% (478.80%)
2041,Goal B,Required return > 100% (494.44%)
2041,Goal B,Required return > 100% (510.09%)
2041,Goal B,Required return > 100% (525.73%)
2041,Goal B,Required return > 100% (541.37%)
2041,Goal B,Required return > 100% (557.02%)
2041,Goal B,Required return > 100% (572.66%)
2041,Goal B,Required return > 100% (588.30%)
2041,Goal B,Required return > 100% (603.95%)
2041,Goal B,Required return > 100% (619.59%)
2041,Goal B,Required return > 100% (635.23%)
2041,Goal B,Required return > 100% (650.88%)
2041,Goal B,Required return > 100% (666.52%)
2041,Goal B,Required return > 100% (682.16%)
2041,Goal B,Required return > 100% (697.81%)
2041,Goal B,Required return > 100% (713.45%)
2041,Goal B,Required return > 100% (729.09%)
2041,Goal B,Required return > 100% (744.74%)
2041,Goal B,Required return > 100% (760.38%)
2041,Goal B,Required return > 100% (776.02%)
2041,Goal B,Required return > 100% (791.67%)
2041,Goal B,Required return > 100% (807.31%)
2041,Goal B,Required return > 100% (822.95%)
2041,Goal B,Required return > 100% (838.59%)
2041,Goal B,Required return > 100% (854.24%)
2041,Goal B,Required return > 100% (869.88%)
2041,Goal B,Required return > 100% (885.52%)
2041,Goal B,Required return > 100% (901.17%)
2041,Goal B,Required return > 100% (916.81%)
2041,Goal B,Required return > 100% (932.45%)
2041,Goal B,Required return > 100% (948.10%)
2041,Goal B,Required return > 100% (963.74%)
2041,Goal B,Required return > 100% (979.38%)
2041,Goal B,Required return > 100% (995.03%)
2041,Goal B,Required return > 100% (1010.67%)
2041,Goal B,Required return > 100% (1026.31%)
2041,Goal B,Required return > 100% (1041.96%)
2041,Goal B,Required return > 100% (1057.60%)
2041,Goal B,Required return > 100% (1073.24%)
2041,Goal B,Required return > 100% (1088.89%)
2041,Goal B,Required return > 100% (1104.53%)
2041,Goal B,Required return > 100% (1120.17%)
2041,Goal B,Required return > 100% (1135.82%)
2041,Goal B,Required return > 100% (1151.46%)
2041,Goal B,Required return > 100% (1167.10%)
2041,Goal B,Required return > 100% (1182.75%)
2041,Goal B,Required return > 100% (1198.39%)
2041,Goal B,Required return > 100% (1214.03%)
2041,Goal B,Required return > 100% (1229.68%)
2041,Goal B,Required return > 100% (1245.32%)
2041,Goal B,Required return > 100% (1260.96%)
2041,Goal B,Required return > 100% (1276.61%)
2041,Goal B,Required return > 100% (1292.25%)
2041,Goal B,Required return > 100% (1307.89%)
2041,Goal B,Required return > 100% (1323.54%)
2041,Goal B,Required return > 100% (1339.18%)
2041,Goal B,Required return > 100% (1354.82%)
2041,Goal B,Required return > 100% (1370.47%)
2041,Goal B,Required return > 100% (1386.11%)
2041,Goal B,Required return > 100% (1401.75%)
2041,Goal B,Required return > 100% (1417.40%)
2041,Goal B,Required return > 100% (1433.04%)
2041,Goal B,Required return > 100% (1448.68%)
2041,Goal B,Required return > 100% (1464.32%)
2042,Goal C,Required return > 100% (187.43%)
2042,Goal C,Required return > 100% (128.14%)
2042,Goal B,Required return > 100% (101.06%)
2042,Goal B,Required return > 100% (105.21%)
2042,Goal B,Required return > 100% (109.27%)
2042,Goal B,Required return > 100% (113.26%)
2042,Goal B,Required return > 100% (117.17%)
2042,Goal B,Required return > 100% (121.01%)
2042,Goal B,Required return > 100% (124.79%)
2042,Goal B,Required return > 100% (128.51%)
2042,Goal B,Required return > 100% (132.17%)
2042,Goal B,Required return > 100% (135.76%)
2042,Goal B,Required return > 100% (139.31%)
2042,Goal B,Required return > 100% (142.80%)
2042,Goal B,Required return > 100% (146.25%)
2042,Goal B,Required return > 100% (149.65%)
2042,Goal B,Required return > 100% (153.00%)
2042,Goal B,Required return > 100% (156.30%)
2042,Goal B,Required return > 100% (159.57%)
2042,Goal B,Required return > 100% (162.79%)
2042,Goal B,Required return > 100% (165.98%)
2042,Goal B,Required return > 100% (169.13%)
2042,Goal B,Required return > 100% (172.24%)
2042,Goal B,Required return > 100% (175.31%)
2042,Goal B,Required return > 100% (178.36%)
2042,Goal B,Required return > 100% (181.37%)
2042,Goal B,Required return > 100% (184.34%)
2042,Goal B,Required return > 100% (187.29%)
2042,Goal B,Required return > 100% (190.21%)
2042,Goal B,Required return > 100% (193.09%)
2042,Goal B,Required return > 100% (195.95%)
2042,Goal B,Required return > 100% (198.79%)
2042,Goal B,Required return > 100% (201.59%)
2042,Goal B,Required return > 100% (204.37%)
2042,Goal B,Required return > 100% (207.13%)
2042,Goal B,Required return > 100% (209.86%)
2042,Goal B,Required return > 100% (212.56%)
2042,Goal B,Required return > 100% (215.25%)
2042,Goal B,Required return > 100% (217.91%)
2042,Goal B,Required return > 100% (220.54%)
2042,Goal B,Required return > 100% (223.16%)
2042,Goal B,Required return > 100% (225.76%)
2042,Goal B,Required return > 100% (228.33%)
2042,Goal B,Required return > 100% (230.89%)
2042,Goal B,Required return > 100% (233.42%)
2042,Goal B,Required return > 100% (235.94%)
2042,Goal B,Required return > 100% (238.44%)
2042,Goal B,Required return > 100% (240.92%)
2042,Goal B,Required return > 100% (243.38%)
2042,Goal B,Required return > 100% (245.82%)
2042,Goal B,Required return > 100% (248.25%)
2042,Goal B,Required return > 100% (250.66%)
2042,Goal B,Required return > 100% (253.05%)
2042,Goal B,Required return > 100% (255.43%)
2042,Goal B,Required return > 100% (257.79%)
2042,Goal B,Required return > 100% (260.14%)
2042,Goal B,Required return > 100% (262.47%)
2042,Goal B,Required return > 100% (264.78%)
2042,Goal B,Required return > 100% (267.09%)
2042,Goal B,Required return > 100% (269.37%)
2042,Goal B,Required return > 100% (271.65%)
2042,Goal B,Required return > 100% (273.91%)
2042,Goal B,Required return > 100% (276.15%)
2042,Goal B,Required return > 100% (278.38%)
2042,Goal B,Required return > 100% (280.60%)
2042,Goal B,Required return > 100% (282.81%)
2042,Goal B,Required return > 100% (285.00%)
2042,Goal B,Required return > 100% (287.18%)
2042,Goal B,Required return > 100% (289.35%)
2042,Goal B,Required return > 100% (291.51%)
2042,Goal B,Required return > 100% (293.66%)
2042,Goal B,Required return > 100% (295.79%)
2042,Goal B,Required return > 100% (297.91%)
2042,Goal B,Required return > 100% (300.02%)
2042,Goal B,Required return > 100% (302.12%)
2042,Goal B,Required return > 100% (304.21%)
2042,Goal B,Required return > 100% (306.29%)
2042,Goal B,Required return > 100% (308.36%)
2042,Goal B,Required return > 100% (310.41%)
2043,Goal C,Required return > 100% (370.66%)
2043,Goal C,Required return > 100% (232.81%)
2043,Goal C,Required return > 100% (171.74%)
2043,Goal C,Required return > 100% (135.33%)
2043,Goal C,Required return > 100% (110.49%)
2043,Goal B,Required return > 100% (101.04%)
2043,Goal B,Required return > 100% (102.52%)
2043,Goal B,Required return > 100% (103.98%)
2043,Goal B,Required return > 100% (105.41%)
2043,Goal B,Required return > 100% (106.83%)
2043,Goal B,Required return > 100% (108.23%)
2043,Goal B,Required return > 100% (109.61%)
2043,Goal B,Required return > 100% (110.97%)
2043,Goal B,Required return > 100% (112.31%)
2043,Goal B,Required return > 100% (113.64%)
2043,Goal B,Required return > 100% (114.95%)
2043,Goal B,Required return > 100% (116.24%)
2043,Goal B,Required return > 100% (117.52%)
2043,Goal B,Required return > 100% (118.79%)
2043,Goal B,Required return > 100% (120.04%)
2043,Goal B,Required return > 100% (121.27%)
2043,Goal B,Required return > 100% (122.50%)
2043,Goal B,Required return > 100% (123.71%)
2043,Goal B,Required return > 100% (124.90%)
2043,Goal B,Required return > 100% (126.09%)
2043,Goal B,Required return > 100% (127.26%)
2043,Goal B,Required return > 100% (128.42%)
2043,Goal B,Required return > 100% (129.56%)
2043,Goal B,Required return > 100% (130.70%)
2043,Goal B,Required return > 100% (131.83%)
2043,Goal B,Required return > 100% (132.94%)
2043,Goal B,Required return > 100% (134.04%)
2043,Goal B,Required return > 100% (135.14%)
2043,Goal B,Required return > 100% (136.22%)
2043,Goal B,Required return > 100% (137.30%)
2043,Goal B,Required return > 100% (138.36%)
2043,Goal B,Required return > 100% (139.41%)
2043,Goal B,Required return > 100% (140.46%)
2043,Goal B,Required return > 100% (141.50%)
2043,Goal B,Required return > 100% (142.52%)
2043,Goal B,Required return > 100% (143.54%)
2043,Goal B,Required return > 100% (144.55%)
2043,Goal B,Required return > 100% (145.56%)
2043,Goal B,Required return > 100% (146.55%)
2043,Goal B,Required return > 100% (147.54%)
2043,Goal B,Required return > 100% (148.51%)
2043,Goal B,Required return > 100% (149.49%)
2043,Goal B,Required return > 100% (150.45%)
2043,Goal B,Required return > 100% (151.40%)
2043,Goal B,Required return > 100% (152.35%)
2043,Goal B,Required return > 100% (153.30%)
2043,Goal B,Required return > 100% (154.23%)
2043,Goal B,Required return > 100% (155.16%)
2043,Goal B,Required return > 100% (156.08%)
2043,Goal B,Required return > 100% (156.99%)
2043,Goal B,Required return > 100% (157.90%)
2043,Goal B,Required return > 100% (158.80%)
2043,Goal B,Required return > 100% (159.70%)
2043,Goal B,Required return > 100% (160.59%)
2043,Goal B,Required return > 100% (161.47%)
2043,Goal B,Required return > 100% (162.35%)
2044,Goal C,Required return > 100% (1961.55%)
2044,Goal C,Required return > 100% (930.78%)
2044,Goal C,Required return > 100% (587.18%)
2044,Goal C,Required return > 100% (415.39%)
2044,Goal C,Required return > 100% (312.31%)
2044,Goal C,Required return > 100% (243.59%)
2044,Goal C,Required return > 100% (194.51%)
2044,Goal C,Required return > 100% (157.69%)
2044,Goal C,Required return > 100% (129.06%)
2044,Goal C,Required return > 100% (106.16%)
2044,Goal B,Required return > 100% (100.33%)
2044,Goal B,Required return > 100% (100.93%)
2044,Goal B,Required return > 100% (101.52%)
2044,Goal B,Required return > 100% (102.11%)
2044,Goal B,Required return > 100% (102.70%)
2044,Goal B,Required return > 100% (103.28%)
2044,Goal B,Required return > 100% (103.85%)
2044,Goal B,Required return > 100% (104.42%)
2044,Goal B,Required return > 100% (104.99%)
2044,Goal B,Required return > 100% (105.55%)
2044,Goal B,Required return > 100% (106.10%)
2044,Goal B,Required return > 100% (106.66%)
2044,Goal B,Required return > 100% (107.20%)
2044,Goal B,Required return > 100% (107.75%)
2044,Goal B,Required return > 100% (108.29%)
2044,Goal B,Required return > 100% (108.82%)
2044,Goal B,Required return > 100% (109.35%)
2044,Goal B,Required return > 100% (109.88%)
2045,Goal C,Required return > 100% (inf%)
2045,Goal C,Required return > 100% (inf%)
2045,Goal C,Required return > 100% (inf%)
2045,Goal C,Required return > 100% (inf%)
2045,Goal C,Required return > 100% (inf%)
2045,Goal C,Required return > 100% (inf%)
2045,Goal C,Required return > 100% (inf%)
2045,Goal C,Required return > 100% (inf%)
2045,Goal C,Required return > 100% (inf%)
2045,Goal C,Required return > 100% (inf%)
2045,Goal C,Required return > 100% (inf%)
2045,Goal C,Required return > 100% (inf%)
2045,Goal C,Required return > 100% (inf%)
2045,Goal C,Required return > 100% (inf%)
2045,Goal C,Required return > 100% (inf%)
2045,Goal C,Required return > 100% (inf%)
2045,Goal C,Required return > 100% (inf%)
2045,Goal C,Required return > 100% (inf%)
2045,Goal C,Required return > 100% (inf%)
2046,Goal C,Required return > 100% (104.75%)
2046,Goal C,Required return > 100% (110.29%)
2046,Goal C,Required return > 100% (115.82%)
2046,Goal C,Required return > 100% (121.36%)
2046,Goal C,Required return > 100% (126.89%)
2046,Goal C,Required return > 100% (132.42%)
2046,Goal C,Required return > 100% (137.96%)
2046,Goal C,Required return > 100% (143.49%)
2046,Goal C,Required return > 100% (149.03%)
2046,Goal C,Required return > 100% (154.56%)
2046,Goal C,Required return > 100% (160.09%)
2046,Goal C,Required return > 100% (165.63%)
2046,Goal C,Required return > 100% (171.16%)
2046,Goal C,Required return > 100% (176.70%)
2046,Goal C,Required return > 100% (182.23%)
2046,Goal C,Required return > 100% (187.76%)
2046,Goal C,Required return > 100% (193.30%)
2046,Goal C,Required return > 100% (198.83%)
2046,Goal C,Required return > 100% (204.37%)
2046,Goal C,Required return > 100% (209.90%)
2046,Goal C,Required return > 100% (215.43%)
2046,Goal C,Required return > 100% (220.97%)
2046,Goal C,Required return > 100% (226.50%)
2046,Goal C,Required return > 100% (232.03%)
2046,Goal C,Required return > 100% (237.57%)
2046,Goal C,Required return > 100% (243.10%)
2046,Goal C,Required return > 100% (248.64%)
2046,Goal C,Required return > 100% (254.17%)
2046,Goal C,Required return > 100% (259.70%)
2046,Goal C,Required return > 100% (265.24%)
2046,Goal C,Required return > 100% (270.77%)
2046,Goal C,Required return > 100% (276.31%)
2046,Goal C,Required return > 100% (281.84%)
2046,Goal C,Required return > 100% (287.37%)
2046,Goal C,Required return > 100% (292.91%)
2046,Goal C,Required return > 100% (298.44%)
2046,Goal C,Required return > 100% (303.98%)
2046,Goal C,Required return > 100% (309.51%)
2046,Goal C,Required return > 100% (315.04%)
2046,Goal C,Required return > 100% (320.58%)
2046,Goal C,Required return > 100% (326.11%)
2046,Goal C,Required return > 100% (331.65%)
2046,Goal C,Required return > 100% (337.18%)
2046,Goal C,Required return > 100% (342.71%)
2046,Goal C,Required return > 100% (348.25%)
2046,Goal C,Required return > 100% (353.78%)
2046,Goal C,Required return > 100% (359.31%)
2046,Goal C,Required return > 100% (364.85%)
2046,Goal C,Required return > 100% (370.38%)
2046,Goal C,Required return > 100% (375.92%)
2046,Goal C,Required return > 100% (381.45%)
2046,Goal C,Required return > 100% (386.98%)
2046,Goal C,Required return > 100% (392.52%)
2046,Goal C,Required return > 100% (398.05%)
2046,Goal C,Required return > 100% (403.59%)
2046,Goal C,Required return > 100% (409.12%)
2046,Goal C,Required return > 100% (414.65%)
2046,Goal C,Required return > 100% (420.19%)
2046,Goal C,Required return > 100% (425.72%)
2046,Goal C,Required return > 100% (431.26%)
2046,Goal C,Required return > 100% (436.79%)
2046,Goal C,Required return > 100% (442.32%)
2046,Goal C,Required return > 100% (447.86%)
2046,Goal C,Required return > 100% (453.39%)
2047,Goal C,Required return > 100% (101.44%)
2047,Goal C,Required return > 100% (102.89%)
2047,Goal C,Required return > 100% (104.33%)
2047,Goal C,Required return > 100% (105.77%)
2047,Goal C,Required return > 100% (107.19%)
2047,Goal C,Required return > 100% (108.61%)
2047,Goal C,Required return > 100% (110.01%)
2047,Goal C,Required return > 100% (111.41%)
2047,Goal C,Required return > 100% (112.79%)
2047,Goal C,Required return > 100% (114.17%)
2047,Goal C,Required return > 100% (115.54%)
2047,Goal C,Required return > 100% (116.90%)
2047,Goal C,Required return > 100% (118.25%)
2047,Goal C,Required return > 100% (119.59%)
2047,Goal C,Required return > 100% (120.93%)
2047,Goal C,Required return > 100% (122.26%)
2047,Goal C,Required return > 100% (123.57%)
2047,Goal C,Required return > 100% (124.89%)
2047,Goal C,Required return > 100% (126.19%)
2047,Goal C,Required return > 100% (127.49%)
2047,Goal C,Required return > 100% (128.77%)
2047,Goal C,Required return > 100% (130.06%)
2047,Goal C,Required return > 100% (131.33%)
2047,Goal C,Required return > 100% (132.60%)
2047,Goal C,Required return > 100% (133.86%)
2047,Goal C,Required return > 100% (135.11%)
2047,Goal C,Required return > 100% (136.36%)
2047,Goal C,Required return > 100% (137.60%)
2047,Goal C,Required return > 100% (138.84%)
2047,Goal C,Required return > 100% (140.06%)
2047,Goal C,Required return > 100% (141.28%)
2047,Goal C,Required return > 100% (142.50%)
2068,Goal D,Required return > 100% (107.32%)
2069,Goal D,Required return > 100% (132.80%)
2069,Goal D,Required return > 100% (107.40%)
2070,Goal D,Required return > 100% (173.85%)
2070,Goal D,Required return > 100% (138.40%)
2070,Goal D,Required return > 100% (119.83%)
2070,Goal D,Required return > 100% (107.54%)
2071,Goal D,Required return > 100% (252.28%)
2071,Goal D,Required return > 100% (196.23%)
2071,Goal D,Required return > 100% (167.68%)
2071,Goal D,Required return > 100% (149.10%)
2071,Goal D,Required return > 100% (135.59%)
2071,Goal D,Required return > 100% (125.09%)
2071,Goal D,Required return > 100% (116.58%)
2071,Goal D,Required return > 100% (109.47%)
2071,Goal D,Required return > 100% (103.39%)
2072,Goal D,Required return > 100% (436.03%)
2072,Goal D,Required return > 100% (325.45%)
2072,Goal D,Required return > 100% (271.66%)
2072,Goal D,Required return > 100% (237.68%)
2072,Goal D,Required return > 100% (213.47%)
2072,Goal D,Required return > 100% (194.99%)
2072,Goal D,Required return > 100% (180.21%)
2072,Goal D,Required return > 100% (168.02%)
2072,Goal D,Required return > 100% (157.70%)
2072,Goal D,Required return > 100% (148.80%)
2072,Goal D,Required return > 100% (141.02%)
2072,Goal D,Required return > 100% (134.13%)
2072,Goal D,Required return > 100% (127.97%)
2072,Goal D,Required return > 100% (122.41%)
2072,Goal D,Required return > 100% (117.35%)
2072,Goal D,Required return > 100% (112.72%)
2072,Goal D,Required return > 100% (108.47%)
2072,Goal D,Required return > 100% (104.53%)
2072,Goal D,Required return > 100% (100.88%)
2073,Goal D,Required return > 100% (1141.04%)
2073,Goal D,Required return > 100% (777.55%)
2073,Goal D,Required return > 100% (616.51%)
2073,Goal D,Required return > 100% (520.52%)
2073,Goal D,Required return > 100% (455.01%)
2073,Goal D,Required return > 100% (406.65%)
2073,Goal D,Required return > 100% (369.07%)
2073,Goal D,Required return > 100% (338.77%)
2073,Goal D,Required return > 100% (313.68%)
2073,Goal D,Required return > 100% (292.45%)
2073,Goal D,Required return > 100% (274.19%)
2073,Goal D,Required return > 100% (258.26%)
2073,Goal D,Required return > 100% (244.20%)
2073,Goal D,Required return > 100% (231.68%)
2073,Goal D,Required return > 100% (220.43%)
2073,Goal D,Required return > 100% (210.26%)
2073,Goal D,Required return > 100% (201.00%)
2073,Goal D,Required return > 100% (192.52%)
2073,Goal D,Required return > 100% (184.71%)
2073,Goal D,Required return > 100% (177.50%)
2073,Goal D,Required return > 100% (170.82%)
2073,Goal D,Required return > 100% (164.59%)
2073,Goal D,Required return > 100% (158.77%)
2073,Goal D,Required return > 100% (153.33%)
2073,Goal D,Required return > 100% (148.21%)
2073,Goal D,Required return > 100% (143.39%)
2073,Goal D,Required return > 100% (138.84%)
2073,Goal D,Required return > 100% (134.53%)
2073,Goal D,Required return > 100% (130.46%)
2073,Goal D,Required return > 100% (126.58%)
2073,Goal D,Required return > 100% (122.90%)
2073,Goal D,Required return > 100% (119.39%)
2073,Goal D,Required return > 100% (116.04%)
2073,Goal D,Required return > 100% (112.84%)
2073,Goal D,Required return > 100% (109.77%)
2073,Goal D,Required return > 100% (106.84%)
2073,Goal D,Required return > 100% (104.03%)
2073,Goal D,Required return > 100% (101.32%)
2074,Goal D,Required return > 100% (15301.78%)
2074,Goal D,Required return > 100% (7600.89%)
2074,Goal D,Required return > 100% (5033.93%)
2074,Goal D,Required return > 100% (3750.45%)
2074,Goal D,Required return > 100% (2980.36%)
2074,Goal D,Required return > 100% (2466.96%)
2074,Goal D,Required return > 100% (2100.25%)
2074,Goal D,Required return > 100% (1825.22%)
2074,Goal D,Required return > 100% (1611.31%)
2074,Goal D,Required return > 100% (1440.18%)
2074,Goal D,Required return > 100% (1300.16%)
2074,Goal D,Required return > 100% (1183.48%)
2074,Goal D,Required return > 100% (1084.75%)
2074,Goal D,Required return > 100% (1000.13%)
2074,Goal D,Required return > 100% (926.79%)
2074,Goal D,Required return > 100% (862.61%)
2074,Goal D,Required return > 100% (805.99%)
2074,Goal D,Required return > 100% (755.65%)
2074,Goal D,Required return > 100% (710.62%)
2074,Goal D,Required return > 100% (670.09%)
2074,Goal D,Required return > 100% (633.42%)
2074,Goal D,Required return > 100% (600.08%)
2074,Goal D,Required return > 100% (569.64%)
2074,Goal D,Required return > 100% (541.74%)
2074,Goal D,Required return > 100% (516.07%)
2074,Goal D,Required return > 100% (492.38%)
2074,Goal D,Required return > 100% (470.44%)
2074,Goal D,Required return > 100% (450.06%)
2074,Goal D,Required return > 100% (431.10%)
2074,Goal D,Required return > 100% (413.39%)
2074,Goal D,Required return > 100% (396.83%)
2074,Goal D,Required return > 100% (381.31%)
2074,Goal D,Required return > 100% (366.72%)
2074,Goal D,Required return > 100% (352.99%)
2074,Goal D,Required return > 100% (340.05%)
2074,Goal D,Required return > 100% (327.83%)
2074,Goal D,Required return > 100% (316.26%)
2074,Goal D,Required return > 100% (305.31%)
2074,Goal D,Required return > 100% (294.92%)
2074,Goal D,Required return > 100% (285.04%)
2074,Goal D,Required return > 100% (275.65%)
2074,Goal D,Required return > 100% (266.71%)
2074,Goal D,Required return > 100% (258.18%)
2074,Goal D,Required return > 100% (250.04%)
2074,Goal D,Required return > 100% (242.26%)
2074,Goal D,Required return > 100% (234.82%)
2074,Goal D,Required return > 100% (227.70%)
2074,Goal D,Required return > 100% (220.87%)
2074,Goal D,Required return > 100% (214.32%)
2074,Goal D,Required return > 100% (208.04%)
2074,Goal D,Required return > 100% (202.00%)
2074,Goal D,Required return > 100% (196.19%)
2074,Goal D,Required return > 100% (190.60%)
2074,Goal D,Required return > 100% (185.22%)
2074,Goal D,Required return > 100% (180.03%)
2074,Goal D,Required return > 100% (175.03%)
2074,Goal D,Required return > 100% (170.21%)
2074,Goal D,Required return > 100% (165.55%)
2074,Goal D,Required return > 100% (161.05%)
2074,Goal D,Required return > 100% (156.70%)
2074,Goal D,Required return > 100% (152.49%)
2074,Goal D,Required return > 100% (148.42%)
2074,Goal D,Required return > 100% (144.47%)
2074,Goal D,Required return > 100% (140.65%)
2074,Goal D,Required return > 100% (136.95%)
2074,Goal D,Required return > 100% (133.36%)
2074,Goal D,Required return > 100% (129.88%)
2074,Goal D,Required return > 100% (126.50%)
2074,Goal D,Required return > 100% (123.21%)
2074,Goal D,Required return > 100% (120.03%)
2074,Goal D,Required return > 100% (116.93%)
2074,Goal D,Required return > 100% (113.91%)
2074,Goal D,Required return > 100% (110.98%)
2074,Goal D,Required return > 100% (108.13%)
2074,Goal D,Required return > 100% (105.36%)
2074,Goal D,Required return > 100% (102.66%)
2074,Goal D,Required return > 100% (100.02%)
2075,Goal D,Required return > 100% (inf%)
2075,Goal D,Required return > 100% (inf%)
2075,Goal D,Required return > 100% (inf%)
2075,Goal D,Required return > 100% (inf%)
2075,Goal D,Required return > 100% (inf%)
2075,Goal D,Required return > 100% (inf%)
2075,Goal D,Required return > 100% (inf%)
2075,Goal D,Required return > 100% (inf%)
2075,Goal D,Required return > 100% (inf%)
2075,Goal D,Required return > 100% (inf%)
2075,Goal D,Required return > 100% (inf%)
2075,Goal D,Required return > 100% (inf%)
2075,Goal D,Required return > 100% (inf%)
2075,Goal D,Required return > 100% (inf%)
2075,Goal D,Required return > 100% (inf%)
2075,Goal D,Required return > 100% (inf%)
2075,Goal D,Required return > 100% (inf%)
2075,Goal D,Required return > 100% (inf%)
2075,Goal D,Required return > 100% (inf%)
2075,Goal D,Required return > 100% (inf%)
2075,Goal D,Required return > 100% (inf%)
2075,Goal D,Required return > 100% (inf%)
2075,Goal D,Required return > 100% (inf%)
2075,Goal D,Required return > 100% (inf%)
2075,Goal D,Required return > 100% (inf%)
2075,Goal D,Required return > 100% (inf%)
2075,Goal D,Required return > 100% (inf%)
2075,Goal D,Required return > 100% (inf%)
2075,Goal D,Required return > 100% (inf%)
2075,Goal D,Required return > 100% (inf%)
2075,Goal D,Required return > 100% (inf%)
2075,Goal D,Required return > 100% (inf%)
2075,Goal D,Required return > 100% (inf%)
2075,Goal D,Required return > 100% (inf%)
2075,Goal D,Required return > 100% (inf%)
2075,Goal D,Required return > 100% (inf%)
2075,Goal D,Required return > 100% (inf%)
2075,Goal D,Required return > 100% (inf%)
2075,Goal D,Required return > 100% (inf%)
2075,Goal D,Required return > 100% (inf%)
2075,Goal D,Required return > 100% (inf%)
2075,Goal D,Required return > 100% (inf%)
2075,Goal D,Required return > 100% (inf%)
2075,Goal D,Required return > 100% (inf%)
2075,Goal D,Required return > 100% (inf%)
2075,Goal D,Required return > 100% (inf%)
2075,Goal D,Required return > 100% (inf%)
2075,Goal D,Required return > 100% (inf%)
2075,Goal D,Required return > 100% (inf%)
2075,Goal D,Required return > 100% (inf%)
2075,Goal D,Required return > 100% (inf%)
2075,Goal D,Required return > 100% (inf%)
2075,Goal D,Required return > 100% (inf%)
2075,Goal D,Required return > 100% (inf%)
2075,Goal D,Required return > 100% (inf%)
2075,Goal D,Required return > 100% (inf%)
2075,Goal D,Required return > 100% (inf%)
2075,Goal D,Required return > 100% (inf%)
2075,Goal D,Required return > 100% (inf%)
2075,Goal D,Required return > 100% (inf%)
2075,Goal D,Required return > 100% (inf%)
2075,Goal D,Required return > 100% (inf%)
2075,Goal D,Required return > 100% (inf%)
2075,Goal D,Required return > 100% (inf%)
2075,Goal D,Required return > 100% (inf%)
2075,Goal D,Required return > 100% (inf%)
2075,Goal D,Required return > 100% (inf%)
2075,Goal D,Required return > 100% (inf%)
2075,Goal D,Required return > 100% (inf%)
2075,Goal D,Required return > 100% (inf%)
2075,Goal D,Required return > 100% (inf%)
2075,Goal D,Required return > 100% (inf%)
2075,Goal D,Required return > 100% (inf%)
2075,Goal D,Required return > 100% (inf%)
2075,Goal D,Required return > 100% (inf%)
2075,Goal D,Required return > 100% (inf%)
2075,Goal D,Required return > 100% (inf%)
2075,Goal D,Required return > 100% (inf%)
2075,Goal D,Required return > 100% (inf%)
2075,Goal D,Required return > 100% (inf%)
2075,Goal D,Required return > 100% (inf%)
2075,Goal D,Required return > 100% (inf%)
2075,Goal D,Required return > 100% (inf%)
2075,Goal D,Required return > 100% (inf%)
2075,Goal D,Required return > 100% (inf%)
2075,Goal D,Required return > 100% (inf%)
2075,Goal D,Required return > 100% (inf%)
2075,Goal D,Required return > 100% (inf%)
2075,Goal D,Required return > 100% (inf%)
2075,Goal D,Required return > 100% (inf%)
2075,Goal D,Required return > 100% (inf%)
2075,Goal D,Required return > 100% (inf%)
2075,Goal D,Required return > 100% (inf%)
2075,Goal D,Required return > 100% (inf%)
2075,Goal D,Required return > 100% (inf%)
2075,Goal D,Required return > 100% (inf%)
2075,Goal D,Required return > 100% (inf%)
2075,Goal D,Required return > 100% (inf%)
2075,Goal D,Required return > 100% (inf%)
2075,Goal D,Required return > 100% (inf%)
