Year,Asset,Weight,Allocation (%),Invested Amt (DKK),Path_ID
2025,Emerging Markets - Equities,0.021802129773913756,2.18,0.0,0
2025,Developed Markets - Equities,0.1284749272005885,12.85,0.0,0
2025,Emerging Markets State - Obligations,0.01520378770922486,1.52,0.0,0
2025,High Yield Bonds - Obligations,0.4134493609050722,41.34,0.0,0
2025,Investment Grade Bonds - Obligations,0.12211686471385097,12.21,0.0,0
2025,Government ZC Bonds - Obligations,0.29895292969734955,29.9,0.0,0
2026,Emerging Markets - Equities,0.9840067026836193,98.4,27108.026806861013,0
2026,Developed Markets - Equities,0.0008958639461409672,0.09,24.67981549420182,0
2026,Emerging Markets State - Obligations,0.006270122633701663,0.63,172.73322628102068,0
2026,High Yield Bonds - Obligations,0.007686808090616417,0.77,211.7609557042042,0
2026,Investment Grade Bonds - Obligations,0.0009539748421663708,0.1,26.28069049122289,0
2026,Government ZC Bonds - Obligations,0.00018652780375513268,0.02,5.138583599714356,0
2027,Emerging Markets - Equities,0.9827719918912123,98.28,54773.24872940596,0
2027,Developed Markets - Equities,0.0021072741984145224,0.21,117.44560769248584,0
2027,Emerging Markets State - Obligations,0.00312865569223328,0.31,174.3706961872135,0
2027,High Yield Bonds - Obligations,0.004905608781422998,0.49,273.40637723809203,0
2027,Investment Grade Bonds - Obligations,0.0022056882321109467,0.22,122.93055882112472,0
2027,Government ZC Bonds - Obligations,0.004880781204606042,0.49,272.02265135704954,0
2028,Emerging Markets - Equities,0.2559149085443761,25.59,26088.594749091735,0
2028,Developed Markets - Equities,0.0012910175421484043,0.13,131.60950123090566,0
2028,Emerging Markets State - Obligations,0.0012301489889409692,0.12,125.40441131791631,0
2028,High Yield Bonds - Obligations,0.007856613559465007,0.79,800.9224957582333,0
2028,Investment Grade Bonds - Obligations,0.005251214697223403,0.53,535.3217323506587,0
2028,Government ZC Bonds - Obligations,0.7284560966678462,72.85,74260.6048493546,0
2029,Emerging Markets - Equities,0.43350212124961857,43.35,57781.300283107645,0
2029,Developed Markets - Equities,0.006028682523322501,0.6,803.5603474960552,0
2029,Emerging Markets State - Obligations,0.003143079726351425,0.31,418.939665066793,0
2029,High Yield Bonds - Obligations,0.004654056724963175,0.47,620.3371009685695,0
2029,Investment Grade Bonds - Obligations,0.001732029655974343,0.17,230.86144391315176,0
2029,Government ZC Bonds - Obligations,0.55094003011977,55.09,73434.5456639742,0
2030,Emerging Markets - Equities,0.5218384589176648,52.18,82764.54015531123,0
2030,Developed Markets - Equities,0.005596078421749801,0.56,887.5483386368397,0
2030,Emerging Markets State - Obligations,0.004776381273160047,0.48,757.5428620179637,0
2030,High Yield Bonds - Obligations,0.0047493090072867955,0.47,753.2491508173572,0
2030,Investment Grade Bonds - Obligations,0.0012742213050877316,0.13,202.09384450203217,0
2030,Government ZC Bonds - Obligations,0.4617655510750509,46.18,73236.8663926329,0
2031,Emerging Markets - Equities,0.6261529700937644,62.62,132139.57522473318,0
2031,Developed Markets - Equities,0.00400732655135236,0.4,845.6822111746925,0
2031,Emerging Markets State - Obligations,0.00140741129979142,0.14,297.0116572202456,0
2031,High Yield Bonds - Obligations,0.005967514858316297,0.6,1259.3486195667444,0
2031,Investment Grade Bonds - Obligations,0.0037943619913689986,0.38,800.739445048534,0
2031,Government ZC Bonds - Obligations,0.35867041520540655,35.87,75691.6577491023,0
2032,Emerging Markets - Equities,0.6683001800685835,66.83,157812.82989285997,0
2032,Developed Markets - Equities,0.006092526509504287,0.61,1438.6930878328797,0
2032,Emerging Markets State - Obligations,0.0018130612855170372,0.18,428.13744597116084,0
2032,High Yield Bonds - Obligations,3.771446225826863e-05,0.0,8.905917122832491,0
2032,Investment Grade Bonds - Obligations,0.0036399108421084447,0.36,859.530863050025,0
2032,Government ZC Bonds - Obligations,0.32011660683202836,32.01,75592.53929076905,0
2033,Emerging Markets - Equities,0.7159129728760802,71.59,195879.2569883037,0
2033,Developed Markets - Equities,0.006670410308227742,0.67,1825.075203950711,0
2033,Emerging Markets State - Obligations,0.00010938990829718838,0.01,29.92991434865484,0
2033,High Yield Bonds - Obligations,0.003391910095444356,0.34,928.0525069934315,0
2033,Investment Grade Bonds - Obligations,0.001818225281528476,0.18,497.48032327498396,0
2033,Government ZC Bonds - Obligations,0.2720970915304219,27.21,74447.84231739723,0
2034,Emerging Markets - Equities,0.7315527467945777,73.16,262937.55186712433,0
2034,Developed Markets - Equities,0.020796849398544273,2.08,7474.8850186984755,0
2034,Emerging Markets State - Obligations,0.017582556204591877,1.76,6319.591176792738,0
2034,High Yield Bonds - Obligations,0.006141041787348784,0.61,2207.2372779055595,0
2034,Investment Grade Bonds - Obligations,0.014474962280056418,1.45,5202.647603967977,0
2034,Government ZC Bonds - Obligations,0.20945184353488103,20.95,75282.0014885163,0
2035,Emerging Markets - Equities,0.20794193561415603,20.79,92299.86476735125,0
2035,Developed Markets - Equities,0.5970797583691861,59.71,265027.73858495767,0
2035,Emerging Markets State - Obligations,8.493677715821596e-05,0.01,37.70116413663066,0
2035,High Yield Bonds - Obligations,0.00679820860661105,0.68,3017.543013616763,0
2035,Investment Grade Bonds - Obligations,0.015442999103755272,1.54,6854.734350091826,0
2035,Government ZC Bonds - Obligations,0.17265216152913326,17.27,76635.6777138946,0
2036,Emerging Markets - Equities,0.2091604660865146,20.92,100837.29906908807,0
2036,Developed Markets - Equities,0.6063073026116309,60.63,292303.7605774533,0
2036,Emerging Markets State - Obligations,0.007219953962067505,0.72,3480.775648285802,0
2036,High Yield Bonds - Obligations,0.012800252959101165,1.28,6171.065497927206,0
2036,Investment Grade Bonds - Obligations,0.005440350622249967,0.54,2622.8200433900693,0
2036,Government ZC Bonds - Obligations,0.1590716737584359,15.91,76689.24362391251,0
2037,Emerging Markets - Equities,0.2189396948109648,21.89,117769.4430256183,0
2037,Developed Markets - Equities,0.6065995614105096,60.66,326294.8390815163,0
2037,Emerging Markets State - Obligations,9.691544980629584e-05,0.01,52.13160890773798,0
2037,High Yield Bonds - Obligations,0.012944514154285137,1.29,6962.959473857116,0
2037,Investment Grade Bonds - Obligations,0.0044418517594816105,0.44,2389.3081981692503,0
2037,Government ZC Bonds - Obligations,0.1569774624149526,15.7,84439.45412523721,0
2038,Emerging Markets - Equities,0.21937914123292468,21.94,126668.31234727589,0
2038,Developed Markets - Equities,0.6119619221898627,61.2,353343.45584971755,0
2038,Emerging Markets State - Obligations,0.009719537116879163,0.97,5612.007397205626,0
2038,High Yield Bonds - Obligations,0.011728128645006986,1.17,6771.757123789035,0
2038,Investment Grade Bonds - Obligations,0.006367036872391802,0.64,3676.2921522354227,0
2038,Government ZC Bonds - Obligations,0.14084423394293477,14.08,81322.6878231527,0
2039,Emerging Markets - Equities,0.2176581756160969,21.77,128092.10685177878,0
2039,Developed Markets - Equities,0.6364400678672907,63.64,374545.7708962866,0
2039,Emerging Markets State - Obligations,0.006393202271458534,0.64,3762.407482111314,0
2039,High Yield Bonds - Obligations,0.0017789256465772778,0.18,1046.899953827852,0
2039,Investment Grade Bonds - Obligations,0.006567275842318703,0.66,3864.849994898058,0
2039,Government ZC Bonds - Obligations,0.131162352756258,13.12,77189.2076032948,0
2040,Emerging Markets - Equities,0.21424794112856838,21.42,143204.77057364755,0
2040,Developed Markets - Equities,0.6150295650475648,61.5,411089.9143053776,0
2040,Emerging Markets State - Obligations,0.004289689615641033,0.43,2867.257505505707,0
2040,High Yield Bonds - Obligations,0.0013349228399497318,0.13,892.2714403766685,0
2040,Investment Grade Bonds - Obligations,0.0059522220367627145,0.6,3978.5054021429482,0
2040,Government ZC Bonds - Obligations,0.1591456593315134,15.91,106374.03333871438,0
2041,Emerging Markets - Equities,0.2146435621304959,21.46,120954.69920628479,0
2041,Developed Markets - Equities,0.6234536145873786,62.35,351324.976500534,0
2041,Emerging Markets State - Obligations,0.007647414913795396,0.76,4309.427039984623,0
2041,High Yield Bonds - Obligations,0.005324322456873191,0.53,3000.3314092263945,0
2041,Investment Grade Bonds - Obligations,0.0012652625095112447,0.13,712.9934144583331,0
2041,Government ZC Bonds - Obligations,0.14766582340194573,14.77,83211.79109845334,0
2042,Emerging Markets - Equities,0.22130177773649365,22.13,148968.51393313086,0
2042,Developed Markets - Equities,0.6275963480894962,62.76,422464.2760713571,0
2042,Emerging Markets State - Obligations,0.010243156871733581,1.02,6895.145049322666,0
2042,High Yield Bonds - Obligations,0.011025541768125596,1.1,7421.804692689937,0
2042,Investment Grade Bonds - Obligations,0.004207156823250596,0.42,2832.032829801899,0
2042,Government ZC Bonds - Obligations,0.12562601871090048,12.56,84564.71299106271,0
2043,Emerging Markets - Equities,0.2273142327137183,22.73,159324.67466565126,0
2043,Developed Markets - Equities,0.6448078693276194,64.48,451946.20141475543,0
2043,Emerging Markets State - Obligations,0.004840791320128841,0.48,3392.9133824856667,0
2043,High Yield Bonds - Obligations,0.006601689276401863,0.66,4627.127759004459,0
2043,Investment Grade Bonds - Obligations,0.00031572200970261094,0.03,221.28973571138098,0
2043,Government ZC Bonds - Obligations,0.11611969535242907,11.61,81388.3603478551,0
2044,Emerging Markets - Equities,0.22179214748733134,22.18,196404.90198541584,0
2044,Developed Markets - Equities,0.6555468413953901,65.55,580510.2416372285,0
2044,Emerging Markets State - Obligations,0.0033145446975121505,0.33,2935.1482178977417,0
2044,High Yield Bonds - Obligations,0.0026440038545055998,0.26,2341.360250019203,0
2044,Investment Grade Bonds - Obligations,0.004899094371957578,0.49,4338.3237902802275,0
2044,Government ZC Bonds - Obligations,0.11180336819330336,11.18,99005.89277129108,0
2045,Emerging Markets - Equities,0.19974120339910084,19.97,191982.3354327194,0
2045,Developed Markets - Equities,0.4102092526520101,41.02,394274.83663892787,0
2045,Emerging Markets State - Obligations,0.0027166641625430824,0.27,2611.1364187051936,0
2045,High Yield Bonds - Obligations,0.006518553753886799,0.65,6265.3431140814955,0
2045,Investment Grade Bonds - Obligations,0.006331159771701143,0.63,6085.22837694258,0
2045,Government ZC Bonds - Obligations,0.37448316626075806,37.45,359936.51592920825,0
2046,Emerging Markets - Equities,0.19592284112323996,19.59,193725.82368477026,0
2046,Developed Markets - Equities,0.4203264056604929,42.03,415612.99686246255,0
2046,Emerging Markets State - Obligations,0.0010368509928865186,0.1,1025.2240702704191,0
2046,High Yield Bonds - Obligations,0.004033660490055274,0.4,3988.4282834033543,0
2046,Investment Grade Bonds - Obligations,0.013331024788012463,1.33,13181.534847156043,0
2046,Government ZC Bonds - Obligations,0.36534921694531286,36.53,361252.3051398374,0
2047,Emerging Markets - Equities,0.19010465570184099,19.01,198550.85250934598,0
2047,Developed Markets - Equities,0.32635499798329176,32.64,340854.6878088949,0
2047,Emerging Markets State - Obligations,0.01588035044074867,1.59,16585.90162622347,0
2047,High Yield Bonds - Obligations,0.00736670801444176,0.74,7694.004920894098,0
2047,Investment Grade Bonds - Obligations,0.009750299840575068,0.98,10183.497812932166,0
2047,Government ZC Bonds - Obligations,0.4505429880191018,45.05,470560.2502634259,0
2048,Emerging Markets - Equities,0.18540499635727528,18.54,201673.78143874885,0
2048,Developed Markets - Equities,0.285741851981937,28.57,310814.92374381324,0
2048,Emerging Markets State - Obligations,0.012443079781020725,1.24,13534.92625056767,0
2048,High Yield Bonds - Obligations,0.00924706164346025,0.92,10058.466198182701,0
2048,Investment Grade Bonds - Obligations,0.006321659268197887,0.63,6876.367706553201,0
2048,Government ZC Bonds - Obligations,0.5008413509681088,50.08,544788.8198006838,0
2049,Emerging Markets - Equities,0.18033967048838875,18.03,199921.58223344327,0
2049,Developed Markets - Equities,0.26918865360279615,26.92,298418.09847948176,0
2049,Emerging Markets State - Obligations,0.0027352220526849613,0.27,3032.2220233167823,0
2049,High Yield Bonds - Obligations,0.0007856771833027609,0.08,870.9887579655763,0
2049,Investment Grade Bonds - Obligations,0.01617241390405378,1.62,17928.471131595757,0
2049,Government ZC Bonds - Obligations,0.5307783627687737,53.08,588412.1325753557,0
2050,Emerging Markets - Equities,0.020850954218913774,2.09,25690.424177993118,0
2050,Developed Markets - Equities,0.0013269992093036048,0.13,1634.9934018821634,0
2050,Emerging Markets State - Obligations,0.006033204263407005,0.6,7433.500407324617,0
2050,High Yield Bonds - Obligations,0.02014356678537374,2.01,24818.853359937188,0
2050,Investment Grade Bonds - Obligations,0.0034360367066898338,0.34,4233.53480897024,0
2050,Government ZC Bonds - Obligations,0.948209238816312,94.82,1168286.942598834,0
2051,Emerging Markets - Equities,0.01157728819918928,1.16,14651.035721376134,0
2051,Developed Markets - Equities,0.008302433839600996,0.83,10506.713892366799,0
2051,Emerging Markets State - Obligations,0.011063761486855162,1.11,14001.168664700905,0
2051,High Yield Bonds - Obligations,0.012432812912157296,1.24,15733.700583350652,0
2051,Investment Grade Bonds - Obligations,0.004691974524700565,0.47,5937.68464449115,0
2051,Government ZC Bonds - Obligations,0.9519317290374967,95.19,1204667.7534913884,0
2052,Emerging Markets - Equities,0.02319770420172619,2.32,30178.293529051647,0
2052,Developed Markets - Equities,0.009321405304406434,0.93,12126.376943745317,0
2052,Emerging Markets State - Obligations,0.0065880785100771045,0.66,8570.544970340197,0
2052,High Yield Bonds - Obligations,0.03043642966191659,3.04,39595.2763396864,0
2052,Investment Grade Bonds - Obligations,0.002683655525710948,0.27,3491.2137632886916,0
2052,Government ZC Bonds - Obligations,0.9277727267961627,92.78,1206955.5432739677,0
2053,Emerging Markets - Equities,0.007426741997835145,0.74,9922.121752457984,0
2053,Developed Markets - Equities,0.02419753647457653,2.42,32327.890625563195,0
2053,Emerging Markets State - Obligations,0.026277935162111264,2.63,35107.301715566115,0
2053,High Yield Bonds - Obligations,0.005076158350083606,0.51,6781.743757756399,0
2053,Investment Grade Bonds - Obligations,0.02189369832294282,2.19,29249.964578700296,0
2053,Government ZC Bonds - Obligations,0.9151279296924507,91.51,1222610.2293751526,0
2054,Emerging Markets - Equities,0.003234452763516431,0.32,3940.807071196313,0
2054,Developed Markets - Equities,0.006250818047872018,0.63,7615.899740961063,0
2054,Emerging Markets State - Obligations,0.006077540701690901,0.61,7404.781310415088,0
2054,High Yield Bonds - Obligations,0.00587769603668421,0.59,7161.293670749263,0
2054,Investment Grade Bonds - Obligations,0.0021231590790683095,0.21,2586.824085497127,0
2054,Government ZC Bonds - Obligations,0.9764363333711681,97.64,1189674.8811810408,0
2055,Emerging Markets - Equities,0.19516120352497573,19.52,221963.13656677972,0
2055,Developed Markets - Equities,0.2987103257156973,29.87,339732.89579686103,0
2055,Emerging Markets State - Obligations,0.014102332502336072,1.41,16039.037977779079,0
2055,High Yield Bonds - Obligations,0.011869504780504475,1.19,13499.570934127785,0
2055,Investment Grade Bonds - Obligations,0.006234906053734213,0.62,7091.159917493243,0
2055,Government ZC Bonds - Obligations,0.4739217274227521,47.39,539006.4787771121,0
2056,Emerging Markets - Equities,0.021164098955934577,2.12,27519.486431765006,0
2056,Developed Markets - Equities,0.00844482202884003,0.84,10980.725696151949,0
2056,Emerging Markets State - Obligations,0.010058495738107248,1.01,13078.971023767132,0
2056,High Yield Bonds - Obligations,0.016474849926623437,1.65,21422.09833572656,0
2056,Investment Grade Bonds - Obligations,0.015394869924284857,1.54,20017.8101076846,0
2056,Government ZC Bonds - Obligations,0.9284628634262099,92.85,1207271.862868068,0
2057,Emerging Markets - Equities,0.016517983030443394,1.65,23097.568641309328,0
2057,Developed Markets - Equities,0.022902769531296694,2.29,32025.5984250768,0
2057,Emerging Markets State - Obligations,0.018581975886724323,1.86,25983.708951857956,0
2057,High Yield Bonds - Obligations,0.012951980633649942,1.3,18111.125382274247,0
2057,Investment Grade Bonds - Obligations,0.006141981463260105,0.61,8588.508547310917,0
2057,Government ZC Bonds - Obligations,0.9229033094546256,92.29,1290522.1236837383,0
2058,Emerging Markets - Equities,0.028632731781563427,2.86,42403.657072687565,0
2058,Developed Markets - Equities,0.03332306701375668,3.33,49349.8111546369,0
2058,Emerging Markets State - Obligations,0.03644447336239692,3.64,53972.45929739904,0
2058,High Yield Bonds - Obligations,0.04191043200993931,4.19,62067.27322685858,0
2058,Investment Grade Bonds - Obligations,0.0022147901394625976,0.22,3279.9944580284064,0
2058,Government ZC Bonds - Obligations,0.8574745056928811,85.75,1269877.256748006,0
2059,Emerging Markets - Equities,0.0190736792014704,1.91,26134.085456487173,0
2059,Developed Markets - Equities,0.01588012066643362,1.59,21758.383695784858,0
2059,Emerging Markets State - Obligations,0.018118470292478175,1.81,24825.291752204033,0
2059,High Yield Bonds - Obligations,0.02292740185642338,2.29,31414.320912181414,0
2059,Investment Grade Bonds - Obligations,0.0034373382462998927,0.34,4709.720160582756,0
2059,Government ZC Bonds - Obligations,0.9205629897368945,92.06,1261323.0823347745,0
2060,Emerging Markets - Equities,0.02335411023171901,2.34,35247.028134851455,0
2060,Developed Markets - Equities,0.03903652572580231,3.9,58915.604443600765,0
2060,Emerging Markets State - Obligations,0.01615744803879138,1.62,24385.515866804286,0
2060,High Yield Bonds - Obligations,0.00199771250489393,0.2,3015.033677870846,0
2060,Investment Grade Bonds - Obligations,0.02181714153949853,2.18,32927.36884577677,0
2060,Government ZC Bonds - Obligations,0.8976370619592948,89.76,1354752.4809912585,0
2061,Emerging Markets - Equities,0.03689055612752431,3.69,60333.19010886361,0
2061,Developed Markets - Equities,0.03280395808405741,3.28,53649.70461727352,0
2061,Emerging Markets State - Obligations,0.04383924848510514,4.38,71697.52887265732,0
2061,High Yield Bonds - Obligations,0.024371489793195544,2.44,39858.7031826287,0
2061,Investment Grade Bonds - Obligations,0.013685441154039312,1.37,22382.05138507709,0
2061,Government ZC Bonds - Obligations,0.8484093063560781,84.84,1387543.1910965203,0
2062,Emerging Markets - Equities,0.04479613953587841,4.48,73837.58813638844,0
2062,Developed Markets - Equities,0.014224569991965745,1.42,23446.394072479787,0
2062,Emerging Markets State - Obligations,0.06432779740606613,6.43,106031.66834914201,0
2062,High Yield Bonds - Obligations,0.064325032815433,6.43,106027.11146753012,0
2062,Investment Grade Bonds - Obligations,0.009571867484967213,0.96,15777.332966047928,0
2062,Government ZC Bonds - Obligations,0.8027545927656895,80.28,1323182.390477053,0
2063,Emerging Markets - Equities,0.029967502193910766,3.0,51641.13901960942,0
2063,Developed Markets - Equities,0.0136650731071636,1.37,23548.17346717512,0
2063,Emerging Markets State - Obligations,0.04950366526897784,4.95,85306.59791375429,0
2063,High Yield Bonds - Obligations,0.009699920784441455,0.97,16715.27224615748,0
2063,Investment Grade Bonds - Obligations,0.014053685427023874,1.41,24217.844990172955,0
2063,Government ZC Bonds - Obligations,0.8831101532184824,88.31,1521808.9881795647,0
2064,Emerging Markets - Equities,0.02607377184724957,2.61,42764.492351857225,0
2064,Developed Markets - Equities,0.003914305999917093,0.39,6419.98825397949,0
2064,Emerging Markets State - Obligations,0.030217703054386383,3.02,49561.096826745204,0
2064,High Yield Bonds - Obligations,0.03435455608755272,3.44,56346.09214441578,0
2064,Investment Grade Bonds - Obligations,0.02970257417663811,2.97,48716.21619030554,0
2064,Government ZC Bonds - Obligations,0.875737088834256,87.57,1436326.5988936988,0
2065,Emerging Markets - Equities,0.04941913521613004,4.94,85144.83288159949,0
2065,Developed Markets - Equities,0.04852749531981943,4.85,83608.61559188143,0
2065,Emerging Markets State - Obligations,0.016051111169338935,1.61,27654.655875711636,0
2065,High Yield Bonds - Obligations,0.06089693433543901,6.09,104920.07345568296,0
2065,Investment Grade Bonds - Obligations,0.024448566171053975,2.44,42122.73387069865,0
2065,Government ZC Bonds - Obligations,0.8006567577882187,80.07,1379461.326857666,0
2066,Emerging Markets - Equities,0.04889476148117314,4.89,79263.67861270293,0
2066,Developed Markets - Equities,0.014144394796057582,1.41,22929.58855556721,0
2066,Emerging Markets State - Obligations,0.03828374351096571,3.83,62062.07474624396,0
2066,High Yield Bonds - Obligations,0.022572328951171894,2.26,36592.17824827338,0
2066,Investment Grade Bonds - Obligations,0.01474080318795597,1.47,23896.430844296963,0
2066,Government ZC Bonds - Obligations,0.8613639680726757,86.14,1396363.8366487222,0
2067,Emerging Markets - Equities,0.0008184606327639617,0.08,1338.2533983233855,0
2067,Developed Markets - Equities,0.0712987067299001,7.13,116579.50640231767,0
2067,Emerging Markets State - Obligations,0.017762311556408197,1.78,29042.90426549721,0
2067,High Yield Bonds - Obligations,0.06596708674502985,6.6,107861.8500145862,0
2067,Investment Grade Bonds - Obligations,0.02132952004763106,2.13,34875.59638874045,0
2067,Government ZC Bonds - Obligations,0.8228239142882668,82.28,1345387.738197527,0
2068,Emerging Markets - Equities,0.009118035327642698,0.91,14554.67400733029,0
2068,Developed Markets - Equities,0.010858472671025072,1.09,17332.849047551746,0
2068,Emerging Markets State - Obligations,0.0051852851554033555,0.52,8277.017181886293,0
2068,High Yield Bonds - Obligations,0.002972374351618522,0.3,4744.655856333681,0
2068,Investment Grade Bonds - Obligations,0.009851890464117241,0.99,15726.091083069263,0
2068,Government ZC Bonds - Obligations,0.9620139420301931,96.2,1535615.8222273646,0
2069,Emerging Markets - Equities,0.0009771547360223202,0.1,1526.5884519642327,0
2069,Developed Markets - Equities,0.018857263598616683,1.89,29460.30939017642,0
2069,Emerging Markets State - Obligations,0.05908124831003068,5.91,92301.40127536975,0
2069,High Yield Bonds - Obligations,0.009949948630243705,0.99,15544.597100760933,0
2069,Investment Grade Bonds - Obligations,0.009472998898154096,0.95,14799.468487723338,0
2069,Government ZC Bonds - Obligations,0.9016613858269324,90.17,1408646.7664155294,0
2070,Emerging Markets - Equities,0.01240966840978176,1.24,18677.796822980847,0
2070,Developed Markets - Equities,0.0206961669395575,2.07,31149.809031710178,0
2070,Emerging Markets State - Obligations,0.015056319569209966,1.51,22661.27252795144,0
2070,High Yield Bonds - Obligations,0.002090849628290592,0.21,3146.9386010212897,0
2070,Investment Grade Bonds - Obligations,0.019953478734459858,2.0,30031.98872099955,0
2070,Government ZC Bonds - Obligations,0.9297935167187003,92.98,1399432.5891018824,0
2071,Emerging Markets - Equities,0.0012509161850743145,0.13,1959.4751972731485,0
2071,Developed Markets - Equities,0.009043032348541539,0.9,14165.295650126398,0
2071,Emerging Markets State - Obligations,0.02483108410838042,2.48,38896.20584682443,0
2071,High Yield Bonds - Obligations,0.009784833815187553,0.98,15327.277238131317,0
2071,Investment Grade Bonds - Obligations,0.014218547357608708,1.42,22272.388207074615,0
2071,Government ZC Bonds - Obligations,0.9408715861852075,94.09,1473811.4023518162,0
2072,Emerging Markets - Equities,0.01953004097154733,1.95,31050.61504298524,0
2072,Developed Markets - Equities,0.007005173620018846,0.7,11137.454842074876,0
2072,Emerging Markets State - Obligations,0.017131672368332868,1.71,27237.473005132448,0
2072,High Yield Bonds - Obligations,0.024267059757656882,2.43,38581.95340490489,0
2072,Investment Grade Bonds - Obligations,0.007318956195755275,0.73,11636.334592536366,0
2072,Government ZC Bonds - Obligations,0.9247470970866888,92.47,1470246.0770865404,0
2073,Emerging Markets - Equities,0.03082706737891159,3.08,50172.237440915545,0
2073,Developed Markets - Equities,0.017377462657815902,1.74,28282.48862832199,0
2073,Emerging Markets State - Obligations,0.007134430359938238,0.71,11611.5597252487,0
2073,High Yield Bonds - Obligations,0.031640930106275306,3.16,51496.83032222014,0
2073,Investment Grade Bonds - Obligations,0.0054968831654843495,0.55,8946.38870359486,0
2073,Government ZC Bonds - Obligations,0.9075232263315747,90.75,1477028.9445632345,0
2074,Emerging Markets - Equities,0.0025800191152389575,0.26,4139.910286037739,0
2074,Developed Markets - Equities,0.00821898179009955,0.82,13188.215177405216,0
2074,Emerging Markets State - Obligations,0.006475258116138572,0.65,10390.228320951259,0
2074,High Yield Bonds - Obligations,0.012237032122942658,1.22,19635.596828379494,0
2074,Investment Grade Bonds - Obligations,0.007408113703894737,0.74,11887.092596230801,0
2074,Government ZC Bonds - Obligations,0.9630805951516855,96.31,1545363.4582015623,0
2075,Emerging Markets - Equities,0.12278409888989618,12.28,48787.08165425384,0
2075,Developed Markets - Equities,0.040164192537575444,4.02,15958.855899288694,0
2075,Emerging Markets State - Obligations,0.06482814551840502,6.48,25758.84057866827,0
2075,High Yield Bonds - Obligations,0.324199019459814,32.42,128817.36460678234,0
2075,Investment Grade Bonds - Obligations,0.12255258936789099,12.26,48695.093570650824,0
2075,Government ZC Bonds - Obligations,0.3254719542264184,32.55,129323.1530025139,0
2025,Emerging Markets - Equities,0.16649731195337134,16.65,0.0,1
2025,Developed Markets - Equities,0.04803342968239822,4.8,0.0,1
2025,Emerging Markets State - Obligations,0.24047614666259454,24.05,0.0,1
2025,High Yield Bonds - Obligations,0.17815494225133593,17.82,0.0,1
2025,Investment Grade Bonds - Obligations,0.2037258658870202,20.37,0.0,1
2025,Government ZC Bonds - Obligations,0.16311230356327983,16.31,0.0,1
2026,Emerging Markets - Equities,0.9847192795092282,98.47,27127.657315106408,1
2026,Developed Markets - Equities,0.0031044282010166315,0.31,85.52271307057538,1
2026,Emerging Markets State - Obligations,0.0016414505988541343,0.16,45.219698925346215,1
2026,High Yield Bonds - Obligations,0.0028377067986445704,0.28,78.17490648984105,1
2026,Investment Grade Bonds - Obligations,0.004987782395601901,0.5,137.40652225032508,1
2026,Government ZC Bonds - Obligations,0.002709352496654535,0.27,74.63892258888532,1
2027,Emerging Markets - Equities,0.9841638341093958,98.42,59074.516397973865,1
2027,Developed Markets - Equities,0.0054533010645331816,0.55,327.33485218076476,1
2027,Emerging Markets State - Obligations,0.0006976378617131525,0.07,41.87577095729777,1
2027,High Yield Bonds - Obligations,0.0016965035170253178,0.17,101.8327654017333,1
2027,Investment Grade Bonds - Obligations,0.0031026178299570395,0.31,186.23489455727136,1
2027,Government ZC Bonds - Obligations,0.004886105617375611,0.49,293.28889805942936,1
2028,Emerging Markets - Equities,0.2565175857193577,25.65,25519.717112200782,1
2028,Developed Markets - Equities,0.0018912582628877815,0.19,188.15230823126467,1
2028,Emerging Markets State - Obligations,0.005676409088044921,0.57,564.7189986362808,1
2028,High Yield Bonds - Obligations,7.609912248217297e-05,0.01,7.570740511944639,1
2028,Investment Grade Bonds - Obligations,0.005757690654035443,0.58,572.8053158558113,1
2028,Government ZC Bonds - Obligations,0.730080957153192,73.01,72632.28929628994,1
2029,Emerging Markets - Equities,0.3959719319953104,39.6,49052.91302908949,1
2029,Developed Markets - Equities,0.006051436552559285,0.61,749.6505861361388,1
2029,Emerging Markets State - Obligations,0.00025172263685511195,0.03,31.18334309931119,1
2029,High Yield Bonds - Obligations,0.002768193223060299,0.28,342.9231479470114,1
2029,Investment Grade Bonds - Obligations,0.0023491513900185165,0.23,291.01234081436786,1
2029,Government ZC Bonds - Obligations,0.5926075642021963,59.26,73412.09050023064,1
2030,Emerging Markets - Equities,0.5368718564436871,53.69,90226.99332434898,1
2030,Developed Markets - Equities,0.0033614011880929613,0.34,564.9190191632528,1
2030,Emerging Markets State - Obligations,0.0023755316756520067,0.24,399.23322123948054,1
2030,High Yield Bonds - Obligations,0.0042914188737111555,0.43,721.2183269117509,1
2030,Investment Grade Bonds - Obligations,0.0037152378397893506,0.37,624.3850105862336,1
2030,Government ZC Bonds - Obligations,0.4493845539790675,44.94,75523.82689702015,1
2031,Emerging Markets - Equities,0.6473110081726499,64.73,145971.0768938226,1
2031,Developed Markets - Equities,0.0026901622541808303,0.27,606.6417476360182,1
2031,Emerging Markets State - Obligations,0.00348189523907365,0.35,785.1805256855655,1
2031,High Yield Bonds - Obligations,0.002141418841116813,0.21,482.8980356768018,1
2031,Investment Grade Bonds - Obligations,0.003426526069697877,0.34,772.6945688912971,1
2031,Government ZC Bonds - Obligations,0.3409489894232809,34.09,76885.28469873112,1
2032,Emerging Markets - Equities,0.691088883441071,69.11,181893.2024814531,1
2032,Developed Markets - Equities,0.011888750969098987,1.19,3129.095314782745,1
2032,Emerging Markets State - Obligations,0.00500154363599904,0.5,1316.3962134259543,1
2032,High Yield Bonds - Obligations,0.006619098710092987,0.66,1742.1334516695797,1
2032,Investment Grade Bonds - Obligations,0.0032285275214303344,0.32,849.7419423800444,1
2032,Government ZC Bonds - Obligations,0.2821731957223076,28.22,74267.41690417149,1
2033,Emerging Markets - Equities,0.719003690193841,71.9,217173.38898345875,1
2033,Developed Markets - Equities,0.004119176824778335,0.41,1244.1877601741642,1
2033,Emerging Markets State - Obligations,0.0001370146262533766,0.01,41.3849485469618,1
2033,High Yield Bonds - Obligations,0.007602112703006311,0.76,2296.200425203638,1
2033,Investment Grade Bonds - Obligations,0.008374832639544156,0.84,2529.5986812094798,1
2033,Government ZC Bonds - Obligations,0.26076317301257695,26.08,78762.90869933343,1
2034,Emerging Markets - Equities,0.7359022567937401,73.59,258813.7454439889,1
2034,Developed Markets - Equities,0.011476479280798296,1.15,4036.229757080709,1
2034,Emerging Markets State - Obligations,0.008910611013946452,0.89,3133.824620625295,1
2034,High Yield Bonds - Obligations,0.007199122801114104,0.72,2531.901375306955,1
2034,Investment Grade Bonds - Obligations,0.012075596148523942,1.21,4246.936653361102,1
2034,Government ZC Bonds - Obligations,0.22443593396187697,22.44,78933.17916155526,1
2035,Emerging Markets - Equities,0.2026558095606144,20.27,82001.40366159056,1
2035,Developed Markets - Equities,0.5899388319331229,58.99,238709.23018629785,1
2035,Emerging Markets State - Obligations,0.0018831070884007275,0.19,761.9689010088026,1
2035,High Yield Bonds - Obligations,0.001979184648090997,0.2,800.8451354087146,1
2035,Investment Grade Bonds - Obligations,0.0019485780485757908,0.19,788.4606687260341,1
2035,Government ZC Bonds - Obligations,0.20159448872119512,20.16,81571.95730741808,1
2036,Emerging Markets - Equities,0.2111281592680098,21.11,100250.45268929908,1
2036,Developed Markets - Equities,0.6137986667977031,61.38,291451.38393617194,1
2036,Emerging Markets State - Obligations,0.0011654858475052194,0.12,553.4102330094693,1
2036,High Yield Bonds - Obligations,0.0007513937228313971,0.08,356.7859499315918,1
2036,Investment Grade Bonds - Obligations,0.002658330343244833,0.27,1262.26089988165,1
2036,Government ZC Bonds - Obligations,0.1704979640207057,17.05,80957.92685798039,1
2037,Emerging Markets - Equities,0.2143880267758468,21.44,109240.91218678701,1
2037,Developed Markets - Equities,0.6213377790354789,62.13,316601.1963388011,1
2037,Emerging Markets State - Obligations,0.0040623623265504585,0.41,2069.9671192440246,1
2037,High Yield Bonds - Obligations,0.0045894311816200364,0.46,2338.5338082468866,1
2037,Investment Grade Bonds - Obligations,0.001418306438170569,0.14,722.6946924052811,1
2037,Government ZC Bonds - Obligations,0.1542040942423332,15.42,78574.33165137732,1
2038,Emerging Markets - Equities,0.20859880391076338,20.86,106135.65958542479,1
2038,Developed Markets - Equities,0.6105689113531627,61.06,310659.183628612,1
2038,Emerging Markets State - Obligations,6.7919056482132044e-06,0.0,3.455740743956802,1
2038,High Yield Bonds - Obligations,0.0012831119276545686,0.13,652.8509665942365,1
2038,Investment Grade Bonds - Obligations,0.003071824495319144,0.31,1562.9529643939597,1
2038,Government ZC Bonds - Obligations,0.17647055640745188,17.65,89788.71666840553,1
2039,Emerging Markets - Equities,0.20762529503774754,20.76,113539.88346568972,1
2039,Developed Markets - Equities,0.5914698028293298,59.15,323445.2356804951,1
2039,Emerging Markets State - Obligations,0.00693138187987285,0.69,3790.4258763551784,1
2039,High Yield Bonds - Obligations,0.0009392203775101954,0.09,513.6126221601326,1
2039,Investment Grade Bonds - Obligations,0.007330941721599568,0.73,4008.9251582416805,1
2039,Government ZC Bonds - Obligations,0.1857033581539399,18.57,101551.87324430891,1
2040,Emerging Markets - Equities,0.21515846214811613,21.52,120562.96079930743,1
2040,Developed Markets - Equities,0.6136930338306866,61.37,343879.8011560567,1
2040,Emerging Markets State - Obligations,0.013780745880837178,1.38,7721.971559142496,1
2040,High Yield Bonds - Obligations,0.013211341287029211,1.32,7402.908562331536,1
2040,Investment Grade Bonds - Obligations,0.0053410548636721586,0.53,2992.833197109254,1
2040,Government ZC Bonds - Obligations,0.1388153619896586,13.88,77784.48906359883,1
2041,Emerging Markets - Equities,0.20367875640889035,20.37,118306.19862552182,1
2041,Developed Markets - Equities,0.6018992503280101,60.19,349611.3856808194,1
2041,Emerging Markets State - Obligations,0.006844639759105731,0.68,3975.6886046342784,1
2041,High Yield Bonds - Obligations,0.007641702885735433,0.76,4438.660346207702,1
2041,Investment Grade Bonds - Obligations,0.0007104349169903942,0.07,412.65400418707117,1
2041,Government ZC Bonds - Obligations,0.17922521570126806,17.92,104102.43238568155,1
2042,Emerging Markets - Equities,0.2230978986142488,22.31,136026.6271018921,1
2042,Developed Markets - Equities,0.6354557935983615,63.55,387448.33013868897,1
2042,Emerging Markets State - Obligations,0.002255195787834992,0.23,1375.031671651952,1
2042,High Yield Bonds - Obligations,0.0051677576206476394,0.52,3150.8707306663155,1
2042,Investment Grade Bonds - Obligations,0.002974426663787491,0.3,1813.5591108212484,1
2042,Government ZC Bonds - Obligations,0.1310489277151196,13.1,79902.78587621296,1
2043,Emerging Markets - Equities,0.2228759339383041,22.29,162532.17633496117,1
2043,Developed Markets - Equities,0.650670983285687,65.07,474501.5270276182,1
2043,Emerging Markets State - Obligations,0.008770482986240167,0.88,6395.870842012771,1
2043,High Yield Bonds - Obligations,0.006072786580764358,0.61,4428.576930439711,1
2043,Investment Grade Bonds - Obligations,0.0005034251822637726,0.05,367.12259170075055,1
2043,Government ZC Bonds - Obligations,0.11110638802674061,11.11,81024.28437025279,1
2044,Emerging Markets - Equities,0.23692575502284025,23.69,184127.96442227485,1
2044,Developed Markets - Equities,0.6496216229428107,64.96,504856.4984656195,1
2044,Emerging Markets State - Obligations,0.007568588033491919,0.76,5881.963773939687,1
2044,High Yield Bonds - Obligations,0.0003634427721404339,0.04,282.4512590948819,1
2044,Investment Grade Bonds - Obligations,0.002112026367401562,0.21,1641.3712211166398,1
2044,Government ZC Bonds - Obligations,0.10340856486131508,10.34,80364.45235726771,1
2045,Emerging Markets - Equities,0.24927886382585107,24.93,225499.7404604339,1
2045,Developed Markets - Equities,0.6384053158938203,63.84,577506.7762792356,1
2045,Emerging Markets State - Obligations,0.0060984521417889095,0.61,5516.710699325497,1
2045,High Yield Bonds - Obligations,0.01158933910741956,1.16,10483.81287013893,1
2045,Investment Grade Bonds - Obligations,0.002762951997663451,0.28,2499.389434047692,1
2045,Government ZC Bonds - Obligations,0.09186507703345685,9.19,83101.91530275265,1
2046,Emerging Markets - Equities,0.22614894146026962,22.61,208088.64144264653,1
2046,Developed Markets - Equities,0.5410989583325522,54.11,497886.68652792793,1
2046,Emerging Markets State - Obligations,0.010735005122168769,1.07,9877.705450787598,1
2046,High Yield Bonds - Obligations,0.009966110132902531,1.0,9170.214570240725,1
2046,Investment Grade Bonds - Obligations,0.007697091291826194,0.77,7082.400030855437,1
2046,Government ZC Bonds - Obligations,0.2043538936602807,20.44,188034.15055008576,1
2047,Emerging Markets - Equities,0.2049169017235764,20.49,210080.0799433474,1
2047,Developed Markets - Equities,0.40779436860856244,40.78,418069.3385326405,1
2047,Emerging Markets State - Obligations,0.01766266410326913,1.77,18107.700514780707,1
2047,High Yield Bonds - Obligations,0.020483297880701527,2.05,20999.404246731712,1
2047,Investment Grade Bonds - Obligations,0.009475960824741348,0.95,9714.72138636504,1
2047,Government ZC Bonds - Obligations,0.3396668068591492,33.97,348225.20416265744,1
2048,Emerging Markets - Equities,0.20890820835776983,20.89,201463.83850337478,1
2048,Developed Markets - Equities,0.491125218922919,49.11,473624.14606788976,1
2048,Emerging Markets State - Obligations,0.012788907741943571,1.28,12333.179553888276,1
2048,High Yield Bonds - Obligations,0.00015690563322038237,0.02,151.31435667307605,1
2048,Investment Grade Bonds - Obligations,0.005538713420160155,0.55,5341.343333358393,1
2048,Government ZC Bonds - Obligations,0.28148204592398707,28.15,271451.5331274704,1
2049,Emerging Markets - Equities,0.2073713622514784,20.74,207694.78034523583,1
2049,Developed Markets - Equities,0.44192313938973543,44.19,442612.3663773819,1
2049,Emerging Markets State - Obligations,0.004931681297589556,0.49,4939.372788579287,1
2049,High Yield Bonds - Obligations,0.013983983680904439,1.4,14005.793217651024,1
2049,Investment Grade Bonds - Obligations,0.00817508926528198,0.82,8187.839202195969,1
2049,Government ZC Bonds - Obligations,0.32361474411501023,32.36,324119.4563497042,1
2050,Emerging Markets - Equities,0.2326211385171569,23.26,215610.32213362696,1
2050,Developed Markets - Equities,0.6984266381967642,69.84,647353.0024323387,1
2050,Emerging Markets State - Obligations,0.01727082195484829,1.73,16007.863726119247,1
2050,High Yield Bonds - Obligations,0.02592043871613143,2.59,24024.962550932745,1
2050,Investment Grade Bonds - Obligations,0.023184114227752926,2.32,21488.736444559756,1
2050,Government ZC Bonds - Obligations,0.0025768483873464167,0.26,2388.4119664572113,1
2051,Emerging Markets - Equities,0.18755775020996354,18.76,196631.75321995065,1
2051,Developed Markets - Equities,0.3142980869094853,31.43,329503.7597406918,1
2051,Emerging Markets State - Obligations,0.0038383891218980878,0.38,4024.0895496682797,1
2051,High Yield Bonds - Obligations,0.004048520997126401,0.4,4244.387559146879,1
2051,Investment Grade Bonds - Obligations,0.004021199471588295,0.4,4215.744224167719,1
2051,Government ZC Bonds - Obligations,0.48623605328993835,48.62,509760.0473993685,1
2052,Emerging Markets - Equities,0.18608533488527196,18.61,196612.10966236523,1
2052,Developed Markets - Equities,0.3123745314077641,31.24,330045.4367494286,1
2052,Emerging Markets State - Obligations,0.000866883704565829,0.09,915.9229774430976,1
2052,High Yield Bonds - Obligations,0.00549012902001424,0.55,5800.703476225448,1
2052,Investment Grade Bonds - Obligations,0.0036228042682313714,0.36,3827.744891933268,1
2052,Government ZC Bonds - Obligations,0.49156031671415257,49.16,519367.6920056919,1
2053,Emerging Markets - Equities,0.18281019392517128,18.28,204678.4057260032,1
2053,Developed Markets - Equities,0.29362275527674314,29.36,328746.6423208318,1
2053,Emerging Markets State - Obligations,0.01309933856475467,1.31,14666.314147648673,1
2053,High Yield Bonds - Obligations,0.004391427829138929,0.44,4916.741389688984,1
2053,Investment Grade Bonds - Obligations,0.009686177867925834,0.97,10844.862646976151,1
2053,Government ZC Bonds - Obligations,0.4963901065362662,49.64,555769.5303665143,1
2054,Emerging Markets - Equities,0.1893527679315321,18.94,203890.11466512826,1
2054,Developed Markets - Equities,0.29409215812702877,29.41,316670.7542628408,1
2054,Emerging Markets State - Obligations,0.010842788151326612,1.08,11675.231070628211,1
2054,High Yield Bonds - Obligations,0.003407509902856898,0.34,3669.1176601509715,1
2054,Investment Grade Bonds - Obligations,0.004056495250072814,0.41,4367.928130709751,1
2054,Government ZC Bonds - Obligations,0.49824828063718285,49.82,536500.7344785754,1
2055,Emerging Markets - Equities,0.1821664066751773,18.22,209883.40418256144,1
2055,Developed Markets - Equities,0.2553384199353892,25.53,294188.6913880618,1
2055,Emerging Markets State - Obligations,0.0062720398765381295,0.63,7226.3437835927425,1
2055,High Yield Bonds - Obligations,0.004065930225502276,0.41,4684.569962555402,1
2055,Investment Grade Bonds - Obligations,0.019148017401002256,1.91,22061.42805811243,1
2055,Government ZC Bonds - Obligations,0.5330091858863908,53.3,614107.6416679146,1
2056,Emerging Markets - Equities,0.02092719504802474,2.09,28908.515166634737,1
2056,Developed Markets - Equities,0.028621423897279407,2.86,39537.208160311,1
2056,Emerging Markets State - Obligations,0.024931043369835447,2.49,34439.371531778364,1
2056,High Yield Bonds - Obligations,0.020879719193490437,2.09,28842.932729155455,1
2056,Investment Grade Bonds - Obligations,0.0182706932324294,1.83,25238.863173135534,1
2056,Government ZC Bonds - Obligations,0.8863699252589405,88.64,1224418.196934401,1
2057,Emerging Markets - Equities,0.017691811003324884,1.77,25649.15836840561,1
2057,Developed Markets - Equities,0.02666889964967778,2.67,38663.92369312272,1
2057,Emerging Markets State - Obligations,0.050665421368419165,5.07,73453.4986970164,1
2057,High Yield Bonds - Obligations,0.039940414085454776,3.99,57904.64333950896,1
2057,Investment Grade Bonds - Obligations,0.030254898128371722,3.03,43862.817286977916,1
2057,Government ZC Bonds - Obligations,0.8347785557647517,83.48,1210241.697434769,1
2058,Emerging Markets - Equities,0.02133782312006475,2.13,32276.69782804123,1
2058,Developed Markets - Equities,0.009947546646903456,0.99,15047.174936534637,1
2058,Emerging Markets State - Obligations,0.029981992265886534,3.0,45352.31636345818,1
2058,High Yield Bonds - Obligations,0.014827000964150436,1.48,22428.090584645703,1
2058,Investment Grade Bonds - Obligations,0.001613523304316235,0.16,2440.699027209843,1
2058,Government ZC Bonds - Obligations,0.9222921136986786,92.23,1395106.8811253395,1
2059,Emerging Markets - Equities,0.07444452955005092,7.44,122867.37799154765,1
2059,Developed Markets - Equities,0.020541704043793546,2.05,33903.16697001087,1
2059,Emerging Markets State - Obligations,0.04278354021951736,4.28,70612.32624801275,1
2059,High Yield Bonds - Obligations,0.031397450618823104,3.14,51820.092845912164,1
2059,Investment Grade Bonds - Obligations,0.02866235102652671,2.87,47305.932873616664,1
2059,Government ZC Bonds - Obligations,0.8021704245412884,80.22,1323946.5325587154,1
2060,Emerging Markets - Equities,0.04357062275289221,4.36,72343.99554260341,1
2060,Developed Markets - Equities,0.019153741636257153,1.92,31802.579628393883,1
2060,Emerging Markets State - Obligations,0.02992080780694887,2.99,49680.05160021077,1
2060,High Yield Bonds - Obligations,0.01948200952714869,1.95,32347.63061309345,1
2060,Investment Grade Bonds - Obligations,0.021387472534105566,2.14,35511.43224300551,1
2060,Government ZC Bonds - Obligations,0.8664853457426476,86.65,1438699.0139124475,1
2061,Emerging Markets - Equities,0.01083498836838897,1.08,18069.685225952235,1
2061,Developed Markets - Equities,0.01357401785480615,1.36,22637.608970896603,1
2061,Emerging Markets State - Obligations,0.012769025543536183,1.28,21295.110282444122,1
2061,High Yield Bonds - Obligations,0.018352060554503474,1.84,30606.02800783619,1
2061,Investment Grade Bonds - Obligations,0.00664388964458624,0.66,11080.122144283152,1
2061,Government ZC Bonds - Obligations,0.9378260180341791,93.78,1564027.6081907335,1
2062,Emerging Markets - Equities,0.04622489637589575,4.62,83392.04037673691,1
2062,Developed Markets - Equities,0.03549621254074385,3.55,64036.95457416988,1
2062,Emerging Markets State - Obligations,0.057103066746735855,5.71,103016.8074159803,1
2062,High Yield Bonds - Obligations,0.02364717470838469,2.36,42660.69375345689,1
2062,Investment Grade Bonds - Obligations,0.011500863838631243,1.15,20748.137406287584,1
2062,Government ZC Bonds - Obligations,0.8260277857896087,82.6,1490195.7141172453,1
2063,Emerging Markets - Equities,0.06479265768265652,6.48,122083.07354461848,1
2063,Developed Markets - Equities,0.0006506672101798737,0.07,1225.9946684471977,1
2063,Emerging Markets State - Obligations,0.09243645081541643,9.24,174169.82767358693,1
2063,High Yield Bonds - Obligations,0.010516458662171107,1.05,19815.23280880081,1
2063,Investment Grade Bonds - Obligations,0.026704087245878635,2.67,50316.14944934057,1
2063,Government ZC Bonds - Obligations,0.8048996783836974,80.49,1516601.2654310341,1
2064,Emerging Markets - Equities,0.09059679792108324,9.06,173006.292320831,1
2064,Developed Markets - Equities,0.01768609935102787,1.77,33773.89206409385,1
2064,Emerging Markets State - Obligations,0.043196518971039995,4.32,82489.33472081275,1
2064,High Yield Bonds - Obligations,0.010740399219687658,1.07,20510.180157385974,1
2064,Investment Grade Bonds - Obligations,0.06567936261975196,6.57,125423.22984457646,1
2064,Government ZC Bonds - Obligations,0.7721008219174093,77.21,1474426.2883789132,1
2065,Emerging Markets - Equities,0.021668716382457102,2.17,42443.720100172235,1
2065,Developed Markets - Equities,0.015563856641668846,1.56,30485.79174320673,1
2065,Emerging Markets State - Obligations,0.01245262136346371,1.25,24391.64214139509,1
2065,High Yield Bonds - Obligations,0.0010938944834567987,0.11,2142.6719726024717,1
2065,Investment Grade Bonds - Obligations,0.015017485031728965,1.5,29415.58327890917,1
2065,Government ZC Bonds - Obligations,0.9342034260972245,93.42,1829876.2157408579,1
2066,Emerging Markets - Equities,0.03815493205227564,3.82,77808.11551624401,1
2066,Developed Markets - Equities,0.00292067536572644,0.29,5956.038551727346,1
2066,Emerging Markets State - Obligations,0.04239804104648019,4.24,86460.95007814938,1
2066,High Yield Bonds - Obligations,0.046883087060622615,4.69,95607.15895845716,1
2066,Investment Grade Bonds - Obligations,0.041928370827621485,4.19,85503.16683289477,1
2066,Government ZC Bonds - Obligations,0.8277148936472736,82.77,1687932.1386599499,1
2067,Emerging Markets - Equities,0.017683359071195445,1.77,37152.3100382567,1
2067,Developed Markets - Equities,0.024817554480756704,2.48,52141.08217495286,1
2067,Emerging Markets State - Obligations,0.07540046652223725,7.54,158414.5578894235,1
2067,High Yield Bonds - Obligations,0.05845009019201894,5.85,122802.22687527836,1
2067,Investment Grade Bonds - Obligations,0.10371218015257541,10.37,217896.78399102547,1
2067,Government ZC Bonds - Obligations,0.7199363495812162,71.99,1512568.8710931044,1
2068,Emerging Markets - Equities,0.0103783608916657,1.04,22503.8960715783,1
2068,Developed Markets - Equities,0.07259595911610825,7.26,157413.28868967903,1
2068,Emerging Markets State - Obligations,0.033875252293228054,3.39,73453.32899509023,1
2068,High Yield Bonds - Obligations,0.04532835297210768,4.53,98287.63472652866,1
2068,Investment Grade Bonds - Obligations,0.014499971616228765,1.45,31440.981644267733,1
2068,Government ZC Bonds - Obligations,0.8233221031106617,82.33,1785248.6760904994,1
2069,Emerging Markets - Equities,0.06059818704014214,6.06,124817.41381141724,1
2069,Developed Markets - Equities,0.019129494473943902,1.91,39402.07033216674,1
2069,Emerging Markets State - Obligations,0.060470053481230385,6.05,124553.49008321686,1
2069,High Yield Bonds - Obligations,0.019319670821465466,1.93,39793.786999367,1
2069,Investment Grade Bonds - Obligations,0.030671000373356946,3.07,63174.743876008324,1
2069,Government ZC Bonds - Obligations,0.8098115938098611,80.98,1668013.4134523058,1
2070,Emerging Markets - Equities,0.06153387530788256,6.15,126647.95881422899,1
2070,Developed Markets - Equities,0.05191902622278345,5.19,106858.84257797805,1
2070,Emerging Markets State - Obligations,0.018175429351888015,1.82,37408.35460909072,1
2070,High Yield Bonds - Obligations,0.05628607517719293,5.63,115847.02727056353,1
2070,Investment Grade Bonds - Obligations,0.025075220592257075,2.51,51609.38570724257,1
2070,Government ZC Bonds - Obligations,0.787010373347996,78.7,1619811.1503856431,1
2071,Emerging Markets - Equities,0.08046928297303872,8.05,160627.07279390775,1
2071,Developed Markets - Equities,0.08617217271789056,8.62,172010.7766413605,1
2071,Emerging Markets State - Obligations,0.030514454932454485,3.05,60910.78971517637,1
2071,High Yield Bonds - Obligations,0.048217521372322,4.82,96248.3947820033,1
2071,Investment Grade Bonds - Obligations,0.05969142776049196,5.97,119151.79255753169,1
2071,Government ZC Bonds - Obligations,0.6949351402438022,69.49,1387180.2162868264,1
2072,Emerging Markets - Equities,0.08297295979172638,8.3,176585.80123144033,1
2072,Developed Markets - Equities,0.06408560795098629,6.41,136389.11346341184,1
2072,Emerging Markets State - Obligations,0.07843224788713242,7.84,166922.10776013887,1
2072,High Yield Bonds - Obligations,0.029118719541090788,2.91,61971.423387861876,1
2072,Investment Grade Bonds - Obligations,0.02542698107193647,2.54,54114.54330127792,1
2072,Government ZC Bonds - Obligations,0.7199634837571276,72.0,1532250.1325221944,1
2073,Emerging Markets - Equities,0.1035525041621551,10.36,219868.71981381226,1
2073,Developed Markets - Equities,0.06581462447751817,6.58,139741.4514113432,1
2073,Emerging Markets State - Obligations,0.09582573966204327,9.58,203462.80251912188,1
2073,High Yield Bonds - Obligations,0.005634412902382737,0.56,11963.314279772572,1
2073,Investment Grade Bonds - Obligations,0.12702249441328375,12.7,269701.5727448979,1
2073,Government ZC Bonds - Obligations,0.602150224382617,60.22,1278520.4958760552,1
2074,Emerging Markets - Equities,0.003098008431207085,0.31,5992.896096477174,1
2074,Developed Markets - Equities,0.07483027511897729,7.48,144754.30703850643,1
2074,Emerging Markets State - Obligations,0.06429191661102904,6.43,124368.53696461649,1
2074,High Yield Bonds - Obligations,0.007524854798753854,0.75,14556.342873617927,1
2074,Investment Grade Bonds - Obligations,0.030242709492593018,3.02,58502.55726852116,1
2074,Government ZC Bonds - Obligations,0.8200122355474397,82.0,1586260.4103892066,1
2075,Emerging Markets - Equities,0.307064547280384,30.71,237192.70318333848,1
2075,Developed Markets - Equities,0.22864016890299207,22.86,176613.61495072287,1
2075,Emerging Markets State - Obligations,0.10250579497821383,10.25,79180.83288409906,1
2075,High Yield Bonds - Obligations,0.05997693128106049,6.0,46329.3160516055,1
2075,Investment Grade Bonds - Obligations,0.04820310120756194,4.82,37234.59441510087,1
2075,Government ZC Bonds - Obligations,0.25360945634978777,25.36,195901.1974428148,1
2025,Emerging Markets - Equities,0.04327104689416786,4.33,0.0,2
2025,Developed Markets - Equities,0.009223589725967688,0.92,0.0,2
2025,Emerging Markets State - Obligations,0.2202678809022977,22.03,0.0,2
2025,High Yield Bonds - Obligations,0.35280710478355404,35.28,0.0,2
2025,Investment Grade Bonds - Obligations,0.16967880609240207,16.97,0.0,2
2025,Government ZC Bonds - Obligations,0.20475157160161067,20.48,0.0,2
2026,Emerging Markets - Equities,0.9828912045984882,98.29,27077.29637391552,2
2026,Developed Markets - Equities,0.004346913176702026,0.43,119.75145961889137,2
2026,Emerging Markets State - Obligations,0.0013455670987790652,0.13,37.068516794301615,2
2026,High Yield Bonds - Obligations,0.002437943484378779,0.24,67.1619788238382,2
2026,Investment Grade Bonds - Obligations,0.005853423252799598,0.59,161.25373334963214,2
2026,Government ZC Bonds - Obligations,0.0031249483888521586,0.31,86.08801592919437,2
2027,Emerging Markets - Equities,0.9804252410100446,98.04,56034.98306082353,2
2027,Developed Markets - Equities,0.003576376679314462,0.36,204.40335301654787,2
2027,Emerging Markets State - Obligations,0.0016327931068437105,0.16,93.32025559598927,2
2027,High Yield Bonds - Obligations,0.004481819626533248,0.45,256.1528165020835,2
2027,Investment Grade Bonds - Obligations,0.0015257934058007302,0.15,87.20482100224123,2
2027,Government ZC Bonds - Obligations,0.00835797617146342,0.84,477.68971421852774,2
2028,Emerging Markets - Equities,0.9848622135693427,98.49,81902.56738442947,2
2028,Developed Markets - Equities,0.0021639141365601125,0.22,179.95423211681134,2
2028,Emerging Markets State - Obligations,0.005140244003627715,0.51,427.47013245004194,2
2028,High Yield Bonds - Obligations,0.0034347536273508584,0.34,285.63908386074985,2
2028,Investment Grade Bonds - Obligations,0.0002687261022986189,0.03,22.34765167982361,2
2028,Government ZC Bonds - Obligations,0.004130148560819932,0.41,343.4691331940738,2
2029,Emerging Markets - Equities,0.37135369775226823,37.14,45885.14677009926,2
2029,Developed Markets - Equities,0.009313001984747953,0.93,1150.7316758306747,2
2029,Emerging Markets State - Obligations,0.008747230250650268,0.87,1080.8238784542657,2
2029,High Yield Bonds - Obligations,0.007282805657431957,0.73,899.8768788679267,2
2029,Investment Grade Bonds - Obligations,0.010800522635927727,1.08,1334.532466871864,2
2029,Government ZC Bonds - Obligations,0.5925027417189739,59.25,73210.72990526125,2
2030,Emerging Markets - Equities,0.4764548431251326,47.65,68861.4857634602,2
2030,Developed Markets - Equities,0.003246969757816287,0.32,469.2809087335265,2
2030,Emerging Markets State - Obligations,0.006316899160636874,0.63,912.9743729043529,2
2030,High Yield Bonds - Obligations,0.005758692238519616,0.58,832.2973505693166,2
2030,Investment Grade Bonds - Obligations,0.0005085887635338936,0.05,73.50576535192668,2
2030,Government ZC Bonds - Obligations,0.5077140069543606,50.77,73379.3377615324,2
2031,Emerging Markets - Equities,0.5503970330537329,55.04,93808.22774932755,2
2031,Developed Markets - Equities,0.005470139850629977,0.55,932.3162991659394,2
2031,Emerging Markets State - Obligations,0.0004537085393101323,0.05,77.32889429159499,2
2031,High Yield Bonds - Obligations,0.004779853961493656,0.48,814.6657814279098,2
2031,Investment Grade Bonds - Obligations,0.004115776463640905,0.41,701.4821532093093,2
2031,Government ZC Bonds - Obligations,0.4347834881311926,43.48,74103.35817031226,2
2032,Emerging Markets - Equities,0.5855149530042909,58.55,109302.51000840533,2
2032,Developed Markets - Equities,0.0037265660710957193,0.37,695.6663073981964,2
2032,Emerging Markets State - Obligations,0.0015604928077607792,0.16,291.3090090409136,2
2032,High Yield Bonds - Obligations,0.005013257416023002,0.5,935.8627240482288,2
2032,Investment Grade Bonds - Obligations,0.002408915671834549,0.24,449.69052964249516,2
2032,Government ZC Bonds - Obligations,0.40177581502899495,40.18,75002.53378331757,2
2033,Emerging Markets - Equities,0.6432453615717724,64.32,140047.50475734952,2
2033,Developed Markets - Equities,0.0014575269593588836,0.15,317.33305200367573,2
2033,Emerging Markets State - Obligations,0.001713190235487362,0.17,372.9961100199714,2
2033,High Yield Bonds - Obligations,0.006404393677305989,0.64,1394.3658323455672,2
2033,Investment Grade Bonds - Obligations,0.0010070592237575078,0.1,219.25712932541012,2
2033,Government ZC Bonds - Obligations,0.34617246833231813,34.62,75368.73688007832,2
2034,Emerging Markets - Equities,0.6747288973001427,67.47,174185.9404438799,2
2034,Developed Markets - Equities,0.008343836938986432,0.83,2154.019325307217,2
2034,Emerging Markets State - Obligations,0.009116324715578045,0.91,2353.442397870769,2
2034,High Yield Bonds - Obligations,0.009158209231118153,0.92,2364.255175800665,2
2034,Investment Grade Bonds - Obligations,0.0052052934861949755,0.52,1343.7825840975468,2
2034,Government ZC Bonds - Obligations,0.2934474383279797,29.34,75755.48967968558,2
2035,Emerging Markets - Equities,0.19027839143842626,19.03,62048.70357174535,2
2035,Developed Markets - Equities,0.5566564813670184,55.67,181522.51941235235,2
2035,Emerging Markets State - Obligations,0.006381815501004021,0.64,2081.0738165164043,2
2035,High Yield Bonds - Obligations,0.002187363934640655,0.22,713.2869652619715,2
2035,Investment Grade Bonds - Obligations,0.0012089549600141098,0.12,394.2333513460522,2
2035,Government ZC Bonds - Obligations,0.24328699279889662,24.33,79334.50763864064,2
2036,Emerging Markets - Equities,0.20635720600078827,20.64,81923.9732289406,2
2036,Developed Markets - Equities,0.596812961789111,59.68,236935.21564790478,2
2036,Emerging Markets State - Obligations,0.00031855686170615836,0.03,126.46732486875675,2
2036,High Yield Bonds - Obligations,0.00216832575765408,0.22,860.8270327181917,2
2036,Investment Grade Bonds - Obligations,0.0007634390747894383,0.08,303.08591367891563,2
2036,Government ZC Bonds - Obligations,0.19357951051595093,19.36,76851.2180627199,2
2037,Emerging Markets - Equities,0.20899019320931864,20.9,99356.8889554318,2
2037,Developed Markets - Equities,0.605275409888838,60.53,287756.4768196848,2
2037,Emerging Markets State - Obligations,0.0027330171396399167,0.27,1299.3149405078746,2
2037,High Yield Bonds - Obligations,0.0027745361626068943,0.28,1319.0536703072023,2
2037,Investment Grade Bonds - Obligations,0.009894433480729378,0.99,4703.9533938183895,2
2037,Government ZC Bonds - Obligations,0.17033241011886718,17.03,80978.43299633233,2
2038,Emerging Markets - Equities,0.21624633558031214,21.62,111487.01512967689,2
2038,Developed Markets - Equities,0.6280573734238563,62.81,323798.51295656123,2
2038,Emerging Markets State - Obligations,0.0013091094836422867,0.13,674.9187606697129,2
2038,High Yield Bonds - Obligations,0.0011621897180768613,0.12,599.1734488128196,2
2038,Investment Grade Bonds - Obligations,0.0012228234392332605,0.12,630.433504941824,2
2038,Government ZC Bonds - Obligations,0.15200216835487904,15.2,78365.57321374996,2
2039,Emerging Markets - Equities,0.2117880473224317,21.18,124875.84575002338,2
2039,Developed Markets - Equities,0.6255514874742268,62.56,368841.73609478044,2
2039,Emerging Markets State - Obligations,0.003865578584904618,0.39,2279.247583638377,2
2039,High Yield Bonds - Obligations,0.006243375315327469,0.62,3681.2595549803705,2
2039,Investment Grade Bonds - Obligations,0.002583246963530066,0.26,1523.1508738587343,2
2039,Government ZC Bonds - Obligations,0.14996826433957913,15.0,88425.26328483924,2
2040,Emerging Markets - Equities,0.21540585799646433,21.54,150215.9687929674,2
2040,Developed Markets - Equities,0.6391485185393216,63.91,445718.21215999615,2
2040,Emerging Markets State - Obligations,0.00551877158530556,0.55,3848.584379016204,2
2040,High Yield Bonds - Obligations,0.0026059962497345444,0.26,1817.324073568788,2
2040,Investment Grade Bonds - Obligations,0.006017718400663872,0.6,4196.531180195793,2
2040,Government ZC Bonds - Obligations,0.13130313722850992,13.13,91565.88473401828,2
2041,Emerging Markets - Equities,0.22468587209953467,22.47,172967.84378537055,2
2041,Developed Markets - Equities,0.653064062907093,65.31,502742.2585996559,2
2041,Emerging Markets State - Obligations,0.010836171766738177,1.08,8341.909742105647,2
2041,High Yield Bonds - Obligations,0.009289583370075962,0.93,7151.313921841384,2
2041,Investment Grade Bonds - Obligations,0.0009534943111973584,0.1,734.0196939323527,2
2041,Government ZC Bonds - Obligations,0.10117081554536089,10.12,77883.39184555593,2
2042,Emerging Markets - Equities,0.22347242180240903,22.35,181948.42069958552,2
2042,Developed Markets - Equities,0.6359324347243156,63.59,517768.1489129687,2
2042,Emerging Markets State - Obligations,0.005381051113617814,0.54,4381.183789614047,2
2042,High Yield Bonds - Obligations,0.00896967676937106,0.9,7302.997431225903,2
2042,Investment Grade Bonds - Obligations,0.006025148961825519,0.6,4905.600114958268,2
2042,Government ZC Bonds - Obligations,0.12021926662846111,12.02,97881.00708037829,2
2043,Emerging Markets - Equities,0.21765300733322235,21.77,190848.78631174786,2
2043,Developed Markets - Equities,0.6442409462661834,64.42,564901.9243689802,2
2043,Emerging Markets State - Obligations,0.009891186059403484,0.99,8673.074991014355,2
2043,High Yield Bonds - Obligations,0.011493444731269543,1.15,10078.013643733973,2
2043,Investment Grade Bonds - Obligations,0.0058216085022765405,0.58,5104.67064367569,2
2043,Government ZC Bonds - Obligations,0.11089980710764474,11.09,97242.3668665309,2
2044,Emerging Markets - Equities,0.19915905820892107,19.92,195975.4194286452,2
2044,Developed Markets - Equities,0.4568737886264318,45.69,449570.4747614061,2
2044,Emerging Markets State - Obligations,0.003302283302033607,0.33,3249.494956485281,2
2044,High Yield Bonds - Obligations,0.003045217608724464,0.3,2996.5385631379754,2
2044,Investment Grade Bonds - Obligations,0.001528360515080327,0.15,1503.929048845194,2
2044,Government ZC Bonds - Obligations,0.3360912917388088,33.61,330718.73535239405,2
2045,Emerging Markets - Equities,0.23256070153659045,23.26,213447.0378320437,2
2045,Developed Markets - Equities,0.6504416613324016,65.04,596983.2606138341,2
2045,Emerging Markets State - Obligations,0.015160144134527008,1.52,13914.16450518617,2
2045,High Yield Bonds - Obligations,0.02392662060349714,2.39,21960.143134260707,2
2045,Investment Grade Bonds - Obligations,0.013041059296970055,1.3,11969.242691213385,2
2045,Government ZC Bonds - Obligations,0.06486981309601357,6.49,59538.302725165624,2
2046,Emerging Markets - Equities,0.19007808732996506,19.01,197627.30422792048,2
2046,Developed Markets - Equities,0.3526386018624374,35.26,366644.1367951935,2
2046,Emerging Markets State - Obligations,0.013407712421040507,1.34,13940.218458920284,2
2046,High Yield Bonds - Obligations,0.013924165113622232,1.39,14477.182791999865,2
2046,Investment Grade Bonds - Obligations,0.01687707990385401,1.69,17547.37672022056,2
2046,Government ZC Bonds - Obligations,0.4130743533690808,41.31,429480.17863999977,2
2047,Emerging Markets - Equities,0.18955660756922282,18.96,197238.7528360919,2
2047,Developed Markets - Equities,0.3176303421534263,31.76,330502.92127835535,2
2047,Emerging Markets State - Obligations,0.011552239069648456,1.16,12020.415725839306,2
2047,High Yield Bonds - Obligations,0.005292835865481816,0.53,5507.338195491481,2
2047,Investment Grade Bonds - Obligations,0.0015215515171122733,0.15,1583.215312088204,2
2047,Government ZC Bonds - Obligations,0.47444642382510843,47.44,493674.27557825827,2
2048,Emerging Markets - Equities,0.1945496268206644,19.45,193991.75200465458,2
2048,Developed Markets - Equities,0.38157611591968466,38.16,380481.9390305218,2
2048,Emerging Markets State - Obligations,0.00934897925537569,0.93,9322.170876623157,2
2048,High Yield Bonds - Obligations,0.0047818487823538085,0.48,4768.136738526033,2
2048,Investment Grade Bonds - Obligations,0.0019478529413117748,0.19,1942.2674353459875,2
2048,Government ZC Bonds - Obligations,0.40779557628060964,40.78,406626.214581978,2
2049,Emerging Markets - Equities,0.1701066633873909,17.01,196129.53986571377,2
2049,Developed Markets - Equities,0.2426537908668731,24.27,279774.90946964675,2
2049,Emerging Markets State - Obligations,0.017762993666339884,1.78,20480.372167919842,2
2049,High Yield Bonds - Obligations,0.0016067274517950884,0.16,1852.5242311791778,2
2049,Investment Grade Bonds - Obligations,0.026224687606926735,2.62,30236.534013692744,2
2049,Government ZC Bonds - Obligations,0.5416451370206744,54.16,624505.8798927733,2
2050,Emerging Markets - Equities,0.0073852502302497736,0.74,9527.721491735078,2
2050,Developed Markets - Equities,0.017338470435878026,1.73,22368.384584870226,2
2050,Emerging Markets State - Obligations,0.006993385128592433,0.7,9022.175784478071,2
2050,High Yield Bonds - Obligations,0.011026947208403172,1.1,14225.879777966273,2
2050,Investment Grade Bonds - Obligations,0.007333888434491529,0.73,9461.459568300781,2
2050,Government ZC Bonds - Obligations,0.949922058562385,94.99,1225495.755819768,2
2051,Emerging Markets - Equities,0.01203395039634733,1.2,15591.42357237247,2
2051,Developed Markets - Equities,0.019738586275514537,1.97,25573.701835664655,2
2051,Emerging Markets State - Obligations,0.017178779458593023,1.72,22257.165616753195,2
2051,High Yield Bonds - Obligations,0.012100227312379362,1.21,15677.293252476822,2
2051,Investment Grade Bonds - Obligations,0.012555047178769657,1.26,16266.566845309095,2
2051,Government ZC Bonds - Obligations,0.9263934093783961,92.64,1200253.5796272648,2
2052,Emerging Markets - Equities,0.0024821379918112925,0.25,3280.4702550296024,2
2052,Developed Markets - Equities,0.0081333790124998,0.81,10749.324981693488,2
2052,Emerging Markets State - Obligations,0.00610270064298744,0.61,8065.5177112297915,2
2052,High Yield Bonds - Obligations,0.0009244712095141373,0.09,1221.8097118078888,2
2052,Investment Grade Bonds - Obligations,0.009841492452976835,0.98,13006.820476378782,2
2052,Government ZC Bonds - Obligations,0.9725158186902105,97.25,1285306.9516215457,2
2053,Emerging Markets - Equities,0.005978931748598569,0.6,7987.657528102414,2
2053,Developed Markets - Equities,0.026210103438667302,2.62,35015.842101439965,2
2053,Emerging Markets State - Obligations,0.025838536180017625,2.58,34519.440380272106,2
2053,High Yield Bonds - Obligations,0.025077408798135428,2.51,33502.59905854917,2
2053,Investment Grade Bonds - Obligations,0.015061890669984177,1.51,20122.193973154903,2
2053,Government ZC Bonds - Obligations,0.9018331291645968,90.18,1204819.60426329,2
2054,Emerging Markets - Equities,0.01606013255005666,1.61,20677.806138732554,2
2054,Developed Markets - Equities,0.010889239646545397,1.09,14020.157412005414,2
2054,Emerging Markets State - Obligations,0.014495429681704279,1.45,18663.21363922076,2
2054,High Yield Bonds - Obligations,0.019038861439889324,1.9,24512.99108081353,2
2054,Investment Grade Bonds - Obligations,0.002185986625186779,0.22,2814.5102486912515,2
2054,Government ZC Bonds - Obligations,0.9373303500566175,93.73,1206835.3238063827,2
2055,Emerging Markets - Equities,0.022744065863685617,2.27,30305.349178622568,2
2055,Developed Markets - Equities,0.005950466703227653,0.6,7928.7042298363685,2
2055,Emerging Markets State - Obligations,0.017016436219803983,1.7,22673.56437092879,2
2055,High Yield Bonds - Obligations,0.0030811004033919963,0.31,4105.414754723996,2
2055,Investment Grade Bonds - Obligations,0.019197737955544483,1.92,25580.041654354984,2
2055,Government ZC Bonds - Obligations,0.9320101928543463,93.2,1241857.7444230684,2
2056,Emerging Markets - Equities,0.023997462433934885,2.4,30594.696659828256,2
2056,Developed Markets - Equities,0.01909838532685399,1.91,24348.79551853529,2
2056,Emerging Markets State - Obligations,0.004961695675834009,0.5,6325.734420396882,2
2056,High Yield Bonds - Obligations,0.004804603582705561,0.48,6125.455538821224,2
2056,Investment Grade Bonds - Obligations,0.007748309739884962,0.77,9878.427219994306,2
2056,Government ZC Bonds - Obligations,0.9393895432407866,93.94,1197640.717221196,2
2057,Emerging Markets - Equities,0.0012646890156373493,0.13,1588.198282462496,2
2057,Developed Markets - Equities,0.02996893231649318,3.0,37635.028251038144,2
2057,Emerging Markets State - Obligations,0.009414517050569305,0.94,11822.764035309363,2
2057,High Yield Bonds - Obligations,0.01062951348717207,1.06,13348.558305640794,2
2057,Investment Grade Bonds - Obligations,0.008252229215316834,0.83,10363.161302265342,2
2057,Government ZC Bonds - Obligations,0.9404701189148114,94.05,1181043.7262436927,2
2058,Emerging Markets - Equities,0.03176304602721743,3.18,41870.81701247624,2
2058,Developed Markets - Equities,0.013614039335924158,1.36,17946.35657256172,2
2058,Emerging Markets State - Obligations,0.00621024580401745,0.62,8186.496516728831,2
2058,High Yield Bonds - Obligations,0.014705727430589456,1.47,19385.446274703674,2
2058,Investment Grade Bonds - Obligations,0.00526065693752204,0.53,6934.725460765116,2
2058,Government ZC Bonds - Obligations,0.9284462844647295,92.84,1223900.3919657052,2
2059,Emerging Markets - Equities,0.010529543708818196,1.05,14854.635364127238,2
2059,Developed Markets - Equities,0.014579874485604962,1.46,20568.670887136857,2
2059,Emerging Markets State - Obligations,0.020836624925023153,2.08,29395.430043287568,2
2059,High Yield Bonds - Obligations,0.012511456241255634,1.25,17650.63382399369,2
2059,Investment Grade Bonds - Obligations,0.020583485564687077,2.06,29038.311729513753,2
2059,Government ZC Bonds - Obligations,0.920959015074611,92.1,1299250.06558281,2
2060,Emerging Markets - Equities,0.0064849769117879714,0.65,9280.071206889594,2
2060,Developed Markets - Equities,0.014992832021055481,1.5,21454.902714521544,2
2060,Emerging Markets State - Obligations,0.03501270310076758,3.5,50103.55200034529,2
2060,High Yield Bonds - Obligations,0.029595160069036234,2.96,42350.99007379958,2
2060,Investment Grade Bonds - Obligations,0.02839566077446158,2.84,40634.493775095325,2
2060,Government ZC Bonds - Obligations,0.8855186671228911,88.55,1267186.6681580367,2
2061,Emerging Markets - Equities,0.009219628083940137,0.92,13065.225376613593,2
2061,Developed Markets - Equities,0.013884111697482524,1.39,19675.31085095169,2
2061,Emerging Markets State - Obligations,0.02227727252418328,2.23,31569.34137199042,2
2061,High Yield Bonds - Obligations,0.0017612381534828157,0.18,2495.8678601392876,2
2061,Investment Grade Bonds - Obligations,0.023317189405368442,2.33,33043.01778300491,2
2061,Government ZC Bonds - Obligations,0.9295405601355428,92.95,1317261.0439709101,2
2062,Emerging Markets - Equities,0.019651885405670227,1.97,27560.204156880893,2
2062,Developed Markets - Equities,0.009414746364081792,0.94,13203.431962028428,2
2062,Emerging Markets State - Obligations,0.03204311014735775,3.2,44937.90998942998,2
2062,High Yield Bonds - Obligations,0.005704947977327197,0.57,8000.735182088751,2
2062,Investment Grade Bonds - Obligations,0.029675667330440768,2.97,41617.75998768271,2
2062,Government ZC Bonds - Obligations,0.9035096427751224,90.35,1267100.3162581108,2
2063,Emerging Markets - Equities,0.01796961819955154,1.8,28175.00544851724,2
2063,Developed Markets - Equities,0.007367437172856233,0.74,11551.585580822926,2
2063,Emerging Markets State - Obligations,0.006946589732357161,0.69,10891.728548949437,2
2063,High Yield Bonds - Obligations,0.006055553429057578,0.61,9494.650858065668,2
2063,Investment Grade Bonds - Obligations,0.01312739322306027,1.31,20582.762052995757,2
2063,Government ZC Bonds - Obligations,0.9485334082431172,94.85,1487228.813020491,2
2064,Emerging Markets - Equities,0.008621771422983667,0.86,14411.640605776118,2
2064,Developed Markets - Equities,0.010239712445358757,1.02,17116.0946433366,2
2064,Emerging Markets State - Obligations,0.0118651556831244,1.19,19833.08893818894,2
2064,High Yield Bonds - Obligations,0.01096771295293475,1.1,18332.97701718838,2
2064,Investment Grade Bonds - Obligations,0.0026622697243674624,0.27,4450.091817667896,2
2064,Government ZC Bonds - Obligations,0.955643377771231,95.56,1597396.6638705921,2
2065,Emerging Markets - Equities,0.027068004201028478,2.71,43329.70467077243,2
2065,Developed Markets - Equities,0.022892353944336287,2.29,36645.44043440021,2
2065,Emerging Markets State - Obligations,0.02174787961870441,2.17,34813.39791790664,2
2065,High Yield Bonds - Obligations,0.0013088198373824359,0.13,2095.1222188326155,2
2065,Investment Grade Bonds - Obligations,0.025719847856348763,2.57,41171.613670373496,2
2065,Government ZC Bonds - Obligations,0.9012630945421997,90.13,1442716.7746521984,2
2066,Emerging Markets - Equities,0.02569383147380464,2.57,40672.14508438283,2
2066,Developed Markets - Equities,0.04724733143720346,4.72,74790.3371680094,2
2066,Emerging Markets State - Obligations,0.003191958311504404,0.32,5052.722155555765,2
2066,High Yield Bonds - Obligations,0.037686704316285104,3.77,59656.30728398381,2
2066,Investment Grade Bonds - Obligations,0.01357161449514192,1.36,21483.237108427613,2
2066,Government ZC Bonds - Obligations,0.8726085599660603,87.26,1381298.9311850045,2
2067,Emerging Markets - Equities,0.003385978717637711,0.34,5183.617382592991,2
2067,Developed Markets - Equities,0.009619962369271408,0.96,14727.264497408234,2
2067,Emerging Markets State - Obligations,0.007871802746482913,0.79,12050.995281352509,2
2067,High Yield Bonds - Obligations,0.01806857839744053,1.81,27661.3070755096,2
2067,Investment Grade Bonds - Obligations,0.01209258092627039,1.21,18512.61272355539,2
2067,Government ZC Bonds - Obligations,0.9489610968428971,94.9,1452770.8669212242,2
2068,Emerging Markets - Equities,0.019148828017183612,1.91,29114.880019000364,2
2068,Developed Markets - Equities,0.006705718476044933,0.67,10195.725226423403,2
2068,Emerging Markets State - Obligations,0.028062540752400843,2.81,42667.755243363856,2
2068,High Yield Bonds - Obligations,0.0031845937121728883,0.32,4842.022903750202,2
2068,Investment Grade Bonds - Obligations,0.011635894694293493,1.16,17691.82310447765,2
2068,Government ZC Bonds - Obligations,0.9312624243479043,93.13,1415940.1153303832,2
2069,Emerging Markets - Equities,0.0032117166922522576,0.32,4383.007715585284,2
2069,Developed Markets - Equities,0.0012032203675807803,0.12,1642.0265733207168,2
2069,Emerging Markets State - Obligations,0.007087882474870751,0.71,9672.784542130525,2
2069,High Yield Bonds - Obligations,0.0056072612050598394,0.56,7652.190862402813,2
2069,Investment Grade Bonds - Obligations,0.005489803684450025,0.55,7491.897390588115,2
2069,Government ZC Bonds - Obligations,0.9774001155757862,97.74,1333851.226080107,2
2070,Emerging Markets - Equities,0.009529526315335584,0.95,12552.500587678076,2
2070,Developed Markets - Equities,0.006965544591260296,0.7,9175.167755671775,2
2070,Emerging Markets State - Obligations,0.0009443593981165344,0.09,1243.930863673749,2
2070,High Yield Bonds - Obligations,0.008609559653398236,0.86,11340.700369861464,2
2070,Investment Grade Bonds - Obligations,0.003533514350540487,0.35,4654.422422901555,2
2070,Government ZC Bonds - Obligations,0.9704174956913489,97.04,1278255.1600026493,2
2071,Emerging Markets - Equities,0.014975374515125291,1.5,20339.79649426543,2
2071,Developed Markets - Equities,0.020525314511226727,2.05,27877.81499003478,2
2071,Emerging Markets State - Obligations,0.0006365329503826207,0.06,864.5493746817682,2
2071,High Yield Bonds - Obligations,0.011219239553226795,1.12,15238.153082753615,2
2071,Investment Grade Bonds - Obligations,0.02409288621435255,2.41,32723.34872590156,2
2071,Government ZC Bonds - Obligations,0.9285506522556859,92.86,1261172.5524742287,2
2072,Emerging Markets - Equities,0.032434943835895076,3.24,44796.54585886135,2
2072,Developed Markets - Equities,0.003876047425347969,0.39,5353.286169361734,2
2072,Emerging Markets State - Obligations,0.03229955810819457,3.23,44609.56193836326,2
2072,High Yield Bonds - Obligations,0.01928626720003638,1.93,26636.647112567483,2
2072,Investment Grade Bonds - Obligations,0.017624667856072907,1.76,24341.779219855453,2
2072,Government ZC Bonds - Obligations,0.894478515574453,89.45,1235382.0634137518,2
2073,Emerging Markets - Equities,0.02160239429065123,2.16,31768.494942681667,2
2073,Developed Markets - Equities,0.013771933434997661,1.38,20253.014170286326,2
2073,Emerging Markets State - Obligations,0.05399048937254964,5.4,79398.44840842616,2
2073,High Yield Bonds - Obligations,0.04671352793020909,4.67,68696.94422936712,2
2073,Investment Grade Bonds - Obligations,0.027670276256472198,2.77,40691.92606565658,2
2073,Government ZC Bonds - Obligations,0.8362513787151201,83.63,1229791.8155775403,2
2074,Emerging Markets - Equities,0.003021502070232959,0.3,4542.477043432848,2
2074,Developed Markets - Equities,0.0727003987580387,7.27,109296.59643799058,2
2074,Emerging Markets State - Obligations,0.0038651453711024235,0.39,5810.796653337994,2
2074,High Yield Bonds - Obligations,0.04054178333630574,4.05,60949.85733066151,2
2074,Investment Grade Bonds - Obligations,0.009105906079583061,0.91,13689.671019478248,2
2074,Government ZC Bonds - Obligations,0.8707652643847371,87.08,1309094.328497825,2
2075,Emerging Markets - Equities,0.14946094002302845,14.95,24597.045046477346,2
2075,Developed Markets - Equities,0.032081822644748625,3.21,5279.760963930738,2
2075,Emerging Markets State - Obligations,0.11090292496051359,11.09,18251.48591076402,2
2075,High Yield Bonds - Obligations,0.2941299006709097,29.41,48405.465770545605,2
2075,Investment Grade Bonds - Obligations,0.23290381716885203,23.29,38329.38345975953,2
2075,Government ZC Bonds - Obligations,0.1805205945319476,18.05,29708.58603481983,2
